date,variable,value
FY1962,debt_held_by_public,248.01
FY1963,debt_held_by_public,253.978
FY1964,debt_held_by_public,256.849
FY1965,debt_held_by_public,260.778
FY1966,debt_held_by_public,263.714
FY1967,debt_held_by_public,266.626
FY1968,debt_held_by_public,289.545
FY1969,debt_held_by_public,278.108
FY1970,debt_held_by_public,283.198
FY1971,debt_held_by_public,303.037
FY1972,debt_held_by_public,322.377
FY1973,debt_held_by_public,340.91
FY1974,debt_held_by_public,343.699
FY1975,debt_held_by_public,394.7
FY1976,debt_held_by_public,477.404
FY1977,debt_held_by_public,549.104
FY1978,debt_held_by_public,607.126
FY1979,debt_held_by_public,640.306
FY1980,debt_held_by_public,711.923
FY1981,debt_held_by_public,789.41
FY1982,debt_held_by_public,924.575
FY1983,debt_held_by_public,1137.268
FY1984,debt_held_by_public,1306.975
FY1985,debt_held_by_public,1507.26
FY1986,debt_held_by_public,1740.623
FY1987,debt_held_by_public,1889.753
FY1988,debt_held_by_public,2051.616
FY1989,debt_held_by_public,2190.716
FY1990,debt_held_by_public,2411.558
FY1991,debt_held_by_public,2688.999
FY1992,debt_held_by_public,2999.737
FY1993,debt_held_by_public,3248.396
FY1994,debt_held_by_public,3433.065
FY1995,debt_held_by_public,3604.378
FY1996,debt_held_by_public,3734.073
FY1997,debt_held_by_public,3772.344
FY1998,debt_held_by_public,3721.099
FY1999,debt_held_by_public,3632.363
FY2000,debt_held_by_public,3409.804
FY2001,debt_held_by_public,3319.615
FY2002,debt_held_by_public,3540.427
FY2003,debt_held_by_public,3913.443
FY2004,debt_held_by_public,4295.544
FY2005,debt_held_by_public,4592.212
FY2006,debt_held_by_public,4828.972
FY2007,debt_held_by_public,5035.129
FY2008,debt_held_by_public,5803.05
FY2009,debt_held_by_public,7544.707
FY2010,debt_held_by_public,9018.882
FY2011,debt_held_by_public,10128.187
FY2012,debt_held_by_public,11281.131
FY2013,debt_held_by_public,11982.713
FY2014,debt_held_by_public,12779.899
FY2015,debt_held_by_public,13116.692
FY2016,debt_held_by_public,14167.624
FY2017,debt_held_by_public,14665.439
FY2018,debt_held_by_public,15749.567
FY2019,debt_held_by_public,16800.7
FY2020,debt_held_by_public,21016.669
FY2021,debt_held_by_public,22284.04
FY2022,debt_held_by_public,24253.445
FY2023,debt_held_by_public,26235.592
FY2024,debt_held_by_public,28195.575
FY2025,debt_held_by_public,30172.402
FY1962,debt_held_by_public_gdp_share,42.346
FY1963,debt_held_by_public_gdp_share,41.083
FY1964,debt_held_by_public_gdp_share,38.817
FY1965,debt_held_by_public_gdp_share,36.764
FY1966,debt_held_by_public_gdp_share,33.789
FY1967,debt_held_by_public_gdp_share,31.873
FY1968,debt_held_by_public_gdp_share,32.259
FY1969,debt_held_by_public_gdp_share,28.37
FY1970,debt_held_by_public_gdp_share,27.057
FY1971,debt_held_by_public_gdp_share,27.14
FY1972,debt_held_by_public_gdp_share,26.506
FY1973,debt_held_by_public_gdp_share,25.202
FY1974,debt_held_by_public_gdp_share,23.178
FY1975,debt_held_by_public_gdp_share,24.562
FY1976,debt_held_by_public_gdp_share,26.729
FY1977,debt_held_by_public_gdp_share,27.125
FY1978,debt_held_by_public_gdp_share,26.705
FY1979,debt_held_by_public_gdp_share,24.958
FY1980,debt_held_by_public_gdp_share,25.5
FY1981,debt_held_by_public_gdp_share,25.195
FY1982,debt_held_by_public_gdp_share,27.905
FY1983,debt_held_by_public_gdp_share,32.163
FY1984,debt_held_by_public_gdp_share,33.095
FY1985,debt_held_by_public_gdp_share,35.339
FY1986,debt_held_by_public_gdp_share,38.456
FY1987,debt_held_by_public_gdp_share,39.637
FY1988,debt_held_by_public_gdp_share,39.926
FY1989,debt_held_by_public_gdp_share,39.439
FY1990,debt_held_by_public_gdp_share,40.883
FY1991,debt_held_by_public_gdp_share,44.131
FY1992,debt_held_by_public_gdp_share,46.752
FY1993,debt_held_by_public_gdp_share,47.945
FY1994,debt_held_by_public_gdp_share,47.835
FY1995,debt_held_by_public_gdp_share,47.674
FY1996,debt_held_by_public_gdp_share,46.962
FY1997,debt_held_by_public_gdp_share,44.638
FY1998,debt_held_by_public_gdp_share,41.666
FY1999,debt_held_by_public_gdp_share,38.318
FY2000,debt_held_by_public_gdp_share,33.703
FY2001,debt_held_by_public_gdp_share,31.538
FY2002,debt_held_by_public_gdp_share,32.694
FY2003,debt_held_by_public_gdp_share,34.697
FY2004,debt_held_by_public_gdp_share,35.712
FY2005,debt_held_by_public_gdp_share,35.765
FY2006,debt_held_by_public_gdp_share,35.411
FY2007,debt_held_by_public_gdp_share,35.197
FY2008,debt_held_by_public_gdp_share,39.219
FY2009,debt_held_by_public_gdp_share,52.15
FY2010,debt_held_by_public_gdp_share,60.593
FY2011,debt_held_by_public_gdp_share,65.485
FY2012,debt_held_by_public_gdp_share,70.028
FY2013,debt_held_by_public_gdp_share,71.805
FY2014,debt_held_by_public_gdp_share,73.329
FY2015,debt_held_by_public_gdp_share,72.212
FY2016,debt_held_by_public_gdp_share,76.001
FY2017,debt_held_by_public_gdp_share,75.692
FY2018,debt_held_by_public_gdp_share,77.067
FY2019,debt_held_by_public_gdp_share,78.928
FY2020,debt_held_by_public_gdp_share,98.5
FY2021,debt_held_by_public_gdp_share,96.702
FY2022,debt_held_by_public_gdp_share,94.868
FY2023,debt_held_by_public_gdp_share,95.758
FY2024,debt_held_by_public_gdp_share,97.401
FY2025,debt_held_by_public_gdp_share,99.375
FY1962,deficit_on_budget,-5.881
FY1963,deficit_on_budget,-3.967
FY1964,deficit_on_budget,-6.547
FY1965,deficit_on_budget,-1.604
FY1966,deficit_on_budget,-3.067
FY1967,deficit_on_budget,-12.619
FY1968,deficit_on_budget,-27.741
FY1969,deficit_on_budget,-0.507
FY1970,deficit_on_budget,-8.693
FY1971,deficit_on_budget,-26.052
FY1972,deficit_on_budget,-26.067
FY1973,deficit_on_budget,-15.245
FY1974,deficit_on_budget,-7.199
FY1975,deficit_on_budget,-54.147
FY1976,deficit_on_budget,-69.426
FY1977,deficit_on_budget,-49.933
FY1978,deficit_on_budget,-55.415
FY1979,deficit_on_budget,-39.634
FY1980,deficit_on_budget,-73.14
FY1981,deficit_on_budget,-73.857
FY1982,deficit_on_budget,-120.592
FY1983,deficit_on_budget,-207.692
FY1984,deficit_on_budget,-185.27
FY1985,deficit_on_budget,-221.528
FY1986,deficit_on_budget,-237.915
FY1987,deficit_on_budget,-168.356
FY1988,deficit_on_budget,-192.264
FY1989,deficit_on_budget,-205.395
FY1990,deficit_on_budget,-277.625
FY1991,deficit_on_budget,-321.435
FY1992,deficit_on_budget,-340.406
FY1993,deficit_on_budget,-300.399
FY1994,deficit_on_budget,-258.84
FY1995,deficit_on_budget,-226.367
FY1996,deficit_on_budget,-174.019
FY1997,deficit_on_budget,-103.248
FY1998,deficit_on_budget,-29.924
FY1999,deficit_on_budget,1.921
FY2000,deficit_on_budget,86.422
FY2001,deficit_on_budget,-32.445
FY2002,deficit_on_budget,-317.415
FY2003,deficit_on_budget,-538.417
FY2004,deficit_on_budget,-567.961
FY2005,deficit_on_budget,-493.611
FY2006,deficit_on_budget,-434.494
FY2007,deficit_on_budget,-342.153
FY2008,deficit_on_budget,-641.848
FY2009,deficit_on_budget,-1549.681
FY2010,deficit_on_budget,-1371.378
FY2011,deficit_on_budget,-1366.781
FY2012,deficit_on_budget,-1138.486
FY2013,deficit_on_budget,-719.238
FY2014,deficit_on_budget,-514.305
FY2015,deficit_on_budget,-469.255
FY2016,deficit_on_budget,-620.157
FY2017,deficit_on_budget,-714.867
FY2018,deficit_on_budget,-785.249
FY2019,deficit_on_budget,-991.274
FY2020,deficit_on_budget,-3142.302
FY2021,deficit_on_budget,-2723.826
FY2022,deficit_on_budget,-1360.742
FY2023,deficit_on_budget,-1666.381
FY2024,deficit_on_budget,-1770.548
FY2025,deficit_on_budget,-1627.5
FY1962,deficit_on_budget_gdp_share,-1.004
FY1963,deficit_on_budget_gdp_share,-0.642
FY1964,deficit_on_budget_gdp_share,-0.989
FY1965,deficit_on_budget_gdp_share,-0.226
FY1966,deficit_on_budget_gdp_share,-0.393
FY1967,deficit_on_budget_gdp_share,-1.509
FY1968,deficit_on_budget_gdp_share,-3.091
FY1969,deficit_on_budget_gdp_share,-0.052
FY1970,deficit_on_budget_gdp_share,-0.831
FY1971,deficit_on_budget_gdp_share,-2.333
FY1972,deficit_on_budget_gdp_share,-2.143
FY1973,deficit_on_budget_gdp_share,-1.127
FY1974,deficit_on_budget_gdp_share,-0.485
FY1975,deficit_on_budget_gdp_share,-3.37
FY1976,deficit_on_budget_gdp_share,-3.887
FY1977,deficit_on_budget_gdp_share,-2.467
FY1978,deficit_on_budget_gdp_share,-2.437
FY1979,deficit_on_budget_gdp_share,-1.545
FY1980,deficit_on_budget_gdp_share,-2.62
FY1981,deficit_on_budget_gdp_share,-2.357
FY1982,deficit_on_budget_gdp_share,-3.64
FY1983,deficit_on_budget_gdp_share,-5.874
FY1984,deficit_on_budget_gdp_share,-4.691
FY1985,deficit_on_budget_gdp_share,-5.194
FY1986,deficit_on_budget_gdp_share,-5.256
FY1987,deficit_on_budget_gdp_share,-3.531
FY1988,deficit_on_budget_gdp_share,-3.742
FY1989,deficit_on_budget_gdp_share,-3.698
FY1990,deficit_on_budget_gdp_share,-4.707
FY1991,deficit_on_budget_gdp_share,-5.275
FY1992,deficit_on_budget_gdp_share,-5.305
FY1993,deficit_on_budget_gdp_share,-4.434
FY1994,deficit_on_budget_gdp_share,-3.607
FY1995,deficit_on_budget_gdp_share,-2.994
FY1996,deficit_on_budget_gdp_share,-2.189
FY1997,deficit_on_budget_gdp_share,-1.222
FY1998,deficit_on_budget_gdp_share,-0.335
FY1999,deficit_on_budget_gdp_share,0.02
FY2000,deficit_on_budget_gdp_share,0.854
FY2001,deficit_on_budget_gdp_share,-0.308
FY2002,deficit_on_budget_gdp_share,-2.931
FY2003,deficit_on_budget_gdp_share,-4.774
FY2004,deficit_on_budget_gdp_share,-4.722
FY2005,deficit_on_budget_gdp_share,-3.844
FY2006,deficit_on_budget_gdp_share,-3.186
FY2007,deficit_on_budget_gdp_share,-2.392
FY2008,deficit_on_budget_gdp_share,-4.338
FY2009,deficit_on_budget_gdp_share,-10.712
FY2010,deficit_on_budget_gdp_share,-9.214
FY2011,deficit_on_budget_gdp_share,-8.837
FY2012,deficit_on_budget_gdp_share,-7.067
FY2013,deficit_on_budget_gdp_share,-4.31
FY2014,deficit_on_budget_gdp_share,-2.951
FY2015,deficit_on_budget_gdp_share,-2.583
FY2016,deficit_on_budget_gdp_share,-3.327
FY2017,deficit_on_budget_gdp_share,-3.69
FY2018,deficit_on_budget_gdp_share,-3.842
FY2019,deficit_on_budget_gdp_share,-4.657
FY2020,deficit_on_budget_gdp_share,-14.727
FY2021,deficit_on_budget_gdp_share,-11.82
FY2022,deficit_on_budget_gdp_share,-5.323
FY2023,deficit_on_budget_gdp_share,-6.082
FY2024,deficit_on_budget_gdp_share,-6.116
FY2025,deficit_on_budget_gdp_share,-5.36
FY1972,deficit_postal_service,-0.355
FY1973,deficit_postal_service,-0.157
FY1974,deficit_postal_service,-0.773
FY1975,deficit_postal_service,-1.112
FY1976,deficit_postal_service,-1.085
FY1977,deficit_postal_service,0.173
FY1978,deficit_postal_service,0.496
FY1979,deficit_postal_service,0.891
FY1980,deficit_postal_service,0.431
FY1981,deficit_postal_service,-0.089
FY1982,deficit_postal_service,0.553
FY1983,deficit_postal_service,-0.322
FY1984,deficit_postal_service,-0.36
FY1985,deficit_postal_service,-0.142
FY1986,deficit_postal_service,-0.042
FY1987,deficit_postal_service,-0.943
FY1988,deficit_postal_service,-1.712
FY1989,deficit_postal_service,0.31
FY1990,deficit_postal_service,-1.626
FY1991,deficit_postal_service,-1.317
FY1992,deficit_postal_service,-0.659
FY1993,deficit_postal_service,-1.441
FY1994,deficit_postal_service,-1.103
FY1995,deficit_postal_service,1.969
FY1996,deficit_postal_service,0.18
FY1997,deficit_postal_service,0.049
FY1998,deficit_postal_service,-0.217
FY1999,deficit_postal_service,-1.021
FY2000,deficit_postal_service,-2.029
FY2001,deficit_postal_service,-2.302
FY2002,deficit_postal_service,0.651
FY2003,deficit_postal_service,5.245
FY2004,deficit_postal_service,4.13
FY2005,deficit_postal_service,1.791
FY2006,deficit_postal_service,1.075
FY2007,deficit_postal_service,-5.093
FY2008,deficit_postal_service,-2.417
FY2009,deficit_postal_service,-0.304
FY2010,deficit_postal_service,-4.7
FY2011,deficit_postal_service,-0.808
FY2012,deficit_postal_service,-2.67
FY2013,deficit_postal_service,1.913
FY2014,deficit_postal_service,2.531
FY2015,deficit_postal_service,1.71
FY2016,deficit_postal_service,1.361
FY2017,deficit_postal_service,2.273
FY2018,deficit_postal_service,1.465
FY2019,deficit_postal_service,1.103
FY2020,deficit_postal_service,2.403
FY2021,deficit_postal_service,2.734
FY2022,deficit_postal_service,0.417
FY2023,deficit_postal_service,-5.769
FY2024,deficit_postal_service,-3.884
FY2025,deficit_postal_service,-5.083
FY1972,deficit_postal_service_gdp_share,-0.029
FY1973,deficit_postal_service_gdp_share,-0.012
FY1974,deficit_postal_service_gdp_share,-0.052
FY1975,deficit_postal_service_gdp_share,-0.069
FY1976,deficit_postal_service_gdp_share,-0.061
FY1977,deficit_postal_service_gdp_share,0.009
FY1978,deficit_postal_service_gdp_share,0.022
FY1979,deficit_postal_service_gdp_share,0.035
FY1980,deficit_postal_service_gdp_share,0.015
FY1981,deficit_postal_service_gdp_share,-0.003
FY1982,deficit_postal_service_gdp_share,0.017
FY1983,deficit_postal_service_gdp_share,-0.009
FY1984,deficit_postal_service_gdp_share,-0.009
FY1985,deficit_postal_service_gdp_share,-0.003
FY1986,deficit_postal_service_gdp_share,-0.001
FY1987,deficit_postal_service_gdp_share,-0.02
FY1988,deficit_postal_service_gdp_share,-0.033
FY1989,deficit_postal_service_gdp_share,0.006
FY1990,deficit_postal_service_gdp_share,-0.028
FY1991,deficit_postal_service_gdp_share,-0.022
FY1992,deficit_postal_service_gdp_share,-0.01
FY1993,deficit_postal_service_gdp_share,-0.021
FY1994,deficit_postal_service_gdp_share,-0.015
FY1995,deficit_postal_service_gdp_share,0.026
FY1996,deficit_postal_service_gdp_share,0.002
FY1997,deficit_postal_service_gdp_share,0.001
FY1998,deficit_postal_service_gdp_share,-0.002
FY1999,deficit_postal_service_gdp_share,-0.011
FY2000,deficit_postal_service_gdp_share,-0.02
FY2001,deficit_postal_service_gdp_share,-0.022
FY2002,deficit_postal_service_gdp_share,0.006
FY2003,deficit_postal_service_gdp_share,0.047
FY2004,deficit_postal_service_gdp_share,0.034
FY2005,deficit_postal_service_gdp_share,0.014
FY2006,deficit_postal_service_gdp_share,0.008
FY2007,deficit_postal_service_gdp_share,-0.036
FY2008,deficit_postal_service_gdp_share,-0.016
FY2009,deficit_postal_service_gdp_share,-0.002
FY2010,deficit_postal_service_gdp_share,-0.032
FY2011,deficit_postal_service_gdp_share,-0.005
FY2012,deficit_postal_service_gdp_share,-0.017
FY2013,deficit_postal_service_gdp_share,0.011
FY2014,deficit_postal_service_gdp_share,0.015
FY2015,deficit_postal_service_gdp_share,0.009
FY2016,deficit_postal_service_gdp_share,0.007
FY2017,deficit_postal_service_gdp_share,0.012
FY2018,deficit_postal_service_gdp_share,0.007
FY2019,deficit_postal_service_gdp_share,0.005
FY2020,deficit_postal_service_gdp_share,0.011
FY2021,deficit_postal_service_gdp_share,0.012
FY2022,deficit_postal_service_gdp_share,0.002
FY2023,deficit_postal_service_gdp_share,-0.021
FY2024,deficit_postal_service_gdp_share,-0.013
FY2025,deficit_postal_service_gdp_share,-0.017
FY1962,deficit_social_security,-1.264
FY1963,deficit_social_security,-0.789
FY1964,deficit_social_security,0.632
FY1965,deficit_social_security,0.193
FY1966,deficit_social_security,-0.63
FY1967,deficit_social_security,3.977
FY1968,deficit_social_security,2.58
FY1969,deficit_social_security,3.749
FY1970,deficit_social_security,5.851
FY1971,deficit_social_security,3.019
FY1972,deficit_social_security,3.05
FY1973,deficit_social_security,0.494
FY1974,deficit_social_security,1.837
FY1975,deficit_social_security,2.017
FY1976,deficit_social_security,-3.221
FY1977,deficit_social_security,-3.899
FY1978,deficit_social_security,-4.266
FY1979,deficit_social_security,-1.983
FY1980,deficit_social_security,-1.12
FY1981,deficit_social_security,-5.023
FY1982,deficit_social_security,-7.938
FY1983,deficit_social_security,0.212
FY1984,deficit_social_security,0.263
FY1985,deficit_social_security,9.363
FY1986,deficit_social_security,16.73
FY1987,deficit_social_security,19.569
FY1988,deficit_social_security,38.798
FY1989,deficit_social_security,52.446
FY1990,deficit_social_security,58.216
FY1991,deficit_social_security,53.514
FY1992,deficit_social_security,50.744
FY1993,deficit_social_security,46.788
FY1994,deficit_social_security,56.757
FY1995,deficit_social_security,60.446
FY1996,deficit_social_security,66.408
FY1997,deficit_social_security,81.315
FY1998,deficit_social_security,99.411
FY1999,deficit_social_security,124.71
FY2000,deficit_social_security,151.848
FY2001,deficit_social_security,162.983
FY2002,deficit_social_security,159.006
FY2003,deficit_social_security,155.587
FY2004,deficit_social_security,151.104
FY2005,deficit_social_security,173.474
FY2006,deficit_social_security,185.238
FY2007,deficit_social_security,186.545
FY2008,deficit_social_security,185.712
FY2009,deficit_social_security,137.297
FY2010,deficit_social_security,81.705
FY2011,deficit_social_security,67.99
FY2012,deficit_social_security,64.583
FY2013,deficit_social_security,37.55
FY2014,deficit_social_security,26.981
FY2015,deficit_social_security,25.585
FY2016,deficit_social_security,34.146
FY2017,deficit_social_security,47.144
FY2018,deficit_social_security,4.71
FY2019,deficit_social_security,6.583
FY2020,deficit_social_security,7.443
FY2021,deficit_social_security,-54.258
FY2022,deficit_social_security,-15.597
FY2023,deficit_social_security,-21.575
FY2024,deficit_social_security,-56.541
FY2025,deficit_social_security,-142.787
FY1962,deficit_social_security_gdp_share,-0.216
FY1963,deficit_social_security_gdp_share,-0.128
FY1964,deficit_social_security_gdp_share,0.096
FY1965,deficit_social_security_gdp_share,0.027
FY1966,deficit_social_security_gdp_share,-0.081
FY1967,deficit_social_security_gdp_share,0.475
FY1968,deficit_social_security_gdp_share,0.287
FY1969,deficit_social_security_gdp_share,0.382
FY1970,deficit_social_security_gdp_share,0.559
FY1971,deficit_social_security_gdp_share,0.27
FY1972,deficit_social_security_gdp_share,0.251
FY1973,deficit_social_security_gdp_share,0.037
FY1974,deficit_social_security_gdp_share,0.124
FY1975,deficit_social_security_gdp_share,0.126
FY1976,deficit_social_security_gdp_share,-0.18
FY1977,deficit_social_security_gdp_share,-0.193
FY1978,deficit_social_security_gdp_share,-0.188
FY1979,deficit_social_security_gdp_share,-0.077
FY1980,deficit_social_security_gdp_share,-0.04
FY1981,deficit_social_security_gdp_share,-0.16
FY1982,deficit_social_security_gdp_share,-0.24
FY1983,deficit_social_security_gdp_share,0.006
FY1984,deficit_social_security_gdp_share,0.007
FY1985,deficit_social_security_gdp_share,0.22
FY1986,deficit_social_security_gdp_share,0.37
FY1987,deficit_social_security_gdp_share,0.41
FY1988,deficit_social_security_gdp_share,0.755
FY1989,deficit_social_security_gdp_share,0.944
FY1990,deficit_social_security_gdp_share,0.987
FY1991,deficit_social_security_gdp_share,0.878
FY1992,deficit_social_security_gdp_share,0.791
FY1993,deficit_social_security_gdp_share,0.691
FY1994,deficit_social_security_gdp_share,0.791
FY1995,deficit_social_security_gdp_share,0.8
FY1996,deficit_social_security_gdp_share,0.835
FY1997,deficit_social_security_gdp_share,0.962
FY1998,deficit_social_security_gdp_share,1.113
FY1999,deficit_social_security_gdp_share,1.316
FY2000,deficit_social_security_gdp_share,1.501
FY2001,deficit_social_security_gdp_share,1.548
FY2002,deficit_social_security_gdp_share,1.468
FY2003,deficit_social_security_gdp_share,1.379
FY2004,deficit_social_security_gdp_share,1.256
FY2005,deficit_social_security_gdp_share,1.351
FY2006,deficit_social_security_gdp_share,1.358
FY2007,deficit_social_security_gdp_share,1.304
FY2008,deficit_social_security_gdp_share,1.255
FY2009,deficit_social_security_gdp_share,0.949
FY2010,deficit_social_security_gdp_share,0.549
FY2011,deficit_social_security_gdp_share,0.44
FY2012,deficit_social_security_gdp_share,0.401
FY2013,deficit_social_security_gdp_share,0.225
FY2014,deficit_social_security_gdp_share,0.155
FY2015,deficit_social_security_gdp_share,0.141
FY2016,deficit_social_security_gdp_share,0.183
FY2017,deficit_social_security_gdp_share,0.243
FY2018,deficit_social_security_gdp_share,0.023
FY2019,deficit_social_security_gdp_share,0.031
FY2020,deficit_social_security_gdp_share,0.035
FY2021,deficit_social_security_gdp_share,-0.235
FY2022,deficit_social_security_gdp_share,-0.061
FY2023,deficit_social_security_gdp_share,-0.079
FY2024,deficit_social_security_gdp_share,-0.195
FY2025,deficit_social_security_gdp_share,-0.47
FY1962,deficit_total,-7.145
FY1963,deficit_total,-4.756
FY1964,deficit_total,-5.915
FY1965,deficit_total,-1.411
FY1966,deficit_total,-3.697
FY1967,deficit_total,-8.642
FY1968,deficit_total,-25.161
FY1969,deficit_total,3.242
FY1970,deficit_total,-2.842
FY1971,deficit_total,-23.033
FY1972,deficit_total,-23.372
FY1973,deficit_total,-14.908
FY1974,deficit_total,-6.135
FY1975,deficit_total,-53.242
FY1976,deficit_total,-73.732
FY1977,deficit_total,-53.659
FY1978,deficit_total,-59.185
FY1979,deficit_total,-40.726
FY1980,deficit_total,-73.829
FY1981,deficit_total,-78.969
FY1982,deficit_total,-127.977
FY1983,deficit_total,-207.802
FY1984,deficit_total,-185.367
FY1985,deficit_total,-212.307
FY1986,deficit_total,-221.227
FY1987,deficit_total,-149.73
FY1988,deficit_total,-155.178
FY1989,deficit_total,-152.639
FY1990,deficit_total,-221.035
FY1991,deficit_total,-269.238
FY1992,deficit_total,-290.321
FY1993,deficit_total,-255.052
FY1994,deficit_total,-203.186
FY1995,deficit_total,-163.952
FY1996,deficit_total,-107.431
FY1997,deficit_total,-21.884
FY1998,deficit_total,69.27
FY1999,deficit_total,125.61
FY2000,deficit_total,236.241
FY2001,deficit_total,128.236
FY2002,deficit_total,-157.758
FY2003,deficit_total,-377.585
FY2004,deficit_total,-412.727
FY2005,deficit_total,-318.346
FY2006,deficit_total,-248.181
FY2007,deficit_total,-160.701
FY2008,deficit_total,-458.553
FY2009,deficit_total,-1412.688
FY2010,deficit_total,-1294.373
FY2011,deficit_total,-1299.599
FY2012,deficit_total,-1076.573
FY2013,deficit_total,-679.775
FY2014,deficit_total,-484.793
FY2015,deficit_total,-441.96
FY2016,deficit_total,-584.65
FY2017,deficit_total,-665.45
FY2018,deficit_total,-779.074
FY2019,deficit_total,-983.588
FY2020,deficit_total,-3132.456
FY2021,deficit_total,-2775.35
FY2022,deficit_total,-1375.922
FY2023,deficit_total,-1693.725
FY2024,deficit_total,-1830.973
FY2025,deficit_total,-1775.37
FY1962,deficit_total_gdp_share,-1.22
FY1963,deficit_total_gdp_share,-0.769
FY1964,deficit_total_gdp_share,-0.894
FY1965,deficit_total_gdp_share,-0.199
FY1966,deficit_total_gdp_share,-0.474
FY1967,deficit_total_gdp_share,-1.033
FY1968,deficit_total_gdp_share,-2.803
FY1969,deficit_total_gdp_share,0.331
FY1970,deficit_total_gdp_share,-0.272
FY1971,deficit_total_gdp_share,-2.063
FY1972,deficit_total_gdp_share,-1.922
FY1973,deficit_total_gdp_share,-1.102
FY1974,deficit_total_gdp_share,-0.414
FY1975,deficit_total_gdp_share,-3.313
FY1976,deficit_total_gdp_share,-4.128
FY1977,deficit_total_gdp_share,-2.651
FY1978,deficit_total_gdp_share,-2.603
FY1979,deficit_total_gdp_share,-1.587
FY1980,deficit_total_gdp_share,-2.644
FY1981,deficit_total_gdp_share,-2.52
FY1982,deficit_total_gdp_share,-3.862
FY1983,deficit_total_gdp_share,-5.877
FY1984,deficit_total_gdp_share,-4.694
FY1985,deficit_total_gdp_share,-4.978
FY1986,deficit_total_gdp_share,-4.888
FY1987,deficit_total_gdp_share,-3.141
FY1988,deficit_total_gdp_share,-3.02
FY1989,deficit_total_gdp_share,-2.748
FY1990,deficit_total_gdp_share,-3.747
FY1991,deficit_total_gdp_share,-4.419
FY1992,deficit_total_gdp_share,-4.525
FY1993,deficit_total_gdp_share,-3.764
FY1994,deficit_total_gdp_share,-2.831
FY1995,deficit_total_gdp_share,-2.169
FY1996,deficit_total_gdp_share,-1.351
FY1997,deficit_total_gdp_share,-0.259
FY1998,deficit_total_gdp_share,0.776
FY1999,deficit_total_gdp_share,1.325
FY2000,deficit_total_gdp_share,2.335
FY2001,deficit_total_gdp_share,1.218
FY2002,deficit_total_gdp_share,-1.457
FY2003,deficit_total_gdp_share,-3.348
FY2004,deficit_total_gdp_share,-3.431
FY2005,deficit_total_gdp_share,-2.479
FY2006,deficit_total_gdp_share,-1.82
FY2007,deficit_total_gdp_share,-1.123
FY2008,deficit_total_gdp_share,-3.099
FY2009,deficit_total_gdp_share,-9.765
FY2010,deficit_total_gdp_share,-8.696
FY2011,deficit_total_gdp_share,-8.403
FY2012,deficit_total_gdp_share,-6.683
FY2013,deficit_total_gdp_share,-4.073
FY2014,deficit_total_gdp_share,-2.782
FY2015,deficit_total_gdp_share,-2.433
FY2016,deficit_total_gdp_share,-3.136
FY2017,deficit_total_gdp_share,-3.435
FY2018,deficit_total_gdp_share,-3.812
FY2019,deficit_total_gdp_share,-4.621
FY2020,deficit_total_gdp_share,-14.681
FY2021,deficit_total_gdp_share,-12.044
FY2022,deficit_total_gdp_share,-5.382
FY2023,deficit_total_gdp_share,-6.182
FY2024,deficit_total_gdp_share,-6.325
FY2025,deficit_total_gdp_share,-5.847
FY1962,disc_defense,52.55
FY1963,disc_defense,53.718
FY1964,disc_defense,55.038
FY1965,disc_defense,51.023
FY1966,disc_defense,58.998
FY1967,disc_defense,71.99
FY1968,disc_defense,82.152
FY1969,disc_defense,82.715
FY1970,disc_defense,81.912
FY1971,disc_defense,79.009
FY1972,disc_defense,79.338
FY1973,disc_defense,77.095
FY1974,disc_defense,80.72
FY1975,disc_defense,87.615
FY1976,disc_defense,89.876
FY1977,disc_defense,97.517
FY1978,disc_defense,104.649
FY1979,disc_defense,116.777
FY1980,disc_defense,134.629
FY1981,disc_defense,157.964
FY1982,disc_defense,185.933
FY1983,disc_defense,209.882
FY1984,disc_defense,228.045
FY1985,disc_defense,253.109
FY1986,disc_defense,273.832
FY1987,disc_defense,282.517
FY1988,disc_defense,290.918
FY1989,disc_defense,304.034
FY1990,disc_defense,300.141
FY1991,disc_defense,319.704
FY1992,disc_defense,302.602
FY1993,disc_defense,292.43
FY1994,disc_defense,282.266
FY1995,disc_defense,273.562
FY1996,disc_defense,265.961
FY1997,disc_defense,271.674
FY1998,disc_defense,270.25
FY1999,disc_defense,275.463
FY2000,disc_defense,294.965
FY2001,disc_defense,306.075
FY2002,disc_defense,348.952
FY2003,disc_defense,404.942
FY2004,disc_defense,454.057
FY2005,disc_defense,493.603
FY2006,disc_defense,519.967
FY2007,disc_defense,547.868
FY2008,disc_defense,612.434
FY2009,disc_defense,656.724
FY2010,disc_defense,688.854
FY2011,disc_defense,699.392
FY2012,disc_defense,670.523
FY2013,disc_defense,625.75
FY2014,disc_defense,596.449
FY2015,disc_defense,583.385
FY2016,disc_defense,584.831
FY2017,disc_defense,590.192
FY2018,disc_defense,622.689
FY2019,disc_defense,676.37
FY2020,disc_defense,713.821
FY2021,disc_defense,741.607
FY2022,disc_defense,752.131
FY2023,disc_defense,806.191
FY2024,disc_defense,850.721
FY2025,disc_defense,892.548
FY1962,disc_defense_gdp_share,8.973
FY1963,disc_defense_gdp_share,8.689
FY1964,disc_defense_gdp_share,8.318
FY1965,disc_defense_gdp_share,7.193
FY1966,disc_defense_gdp_share,7.559
FY1967,disc_defense_gdp_share,8.606
FY1968,disc_defense_gdp_share,9.153
FY1969,disc_defense_gdp_share,8.438
FY1970,disc_defense_gdp_share,7.826
FY1971,disc_defense_gdp_share,7.076
FY1972,disc_defense_gdp_share,6.523
FY1973,disc_defense_gdp_share,5.699
FY1974,disc_defense_gdp_share,5.444
FY1975,disc_defense_gdp_share,5.452
FY1976,disc_defense_gdp_share,5.032
FY1977,disc_defense_gdp_share,4.817
FY1978,disc_defense_gdp_share,4.603
FY1979,disc_defense_gdp_share,4.552
FY1980,disc_defense_gdp_share,4.822
FY1981,disc_defense_gdp_share,5.042
FY1982,disc_defense_gdp_share,5.612
FY1983,disc_defense_gdp_share,5.936
FY1984,disc_defense_gdp_share,5.774
FY1985,disc_defense_gdp_share,5.934
FY1986,disc_defense_gdp_share,6.05
FY1987,disc_defense_gdp_share,5.926
FY1988,disc_defense_gdp_share,5.661
FY1989,disc_defense_gdp_share,5.473
FY1990,disc_defense_gdp_share,5.088
FY1991,disc_defense_gdp_share,5.247
FY1992,disc_defense_gdp_share,4.716
FY1993,disc_defense_gdp_share,4.316
FY1994,disc_defense_gdp_share,3.933
FY1995,disc_defense_gdp_share,3.618
FY1996,disc_defense_gdp_share,3.345
FY1997,disc_defense_gdp_share,3.215
FY1998,disc_defense_gdp_share,3.026
FY1999,disc_defense_gdp_share,2.906
FY2000,disc_defense_gdp_share,2.916
FY2001,disc_defense_gdp_share,2.908
FY2002,disc_defense_gdp_share,3.222
FY2003,disc_defense_gdp_share,3.59
FY2004,disc_defense_gdp_share,3.775
FY2005,disc_defense_gdp_share,3.844
FY2006,disc_defense_gdp_share,3.813
FY2007,disc_defense_gdp_share,3.83
FY2008,disc_defense_gdp_share,4.139
FY2009,disc_defense_gdp_share,4.539
FY2010,disc_defense_gdp_share,4.628
FY2011,disc_defense_gdp_share,4.522
FY2012,disc_defense_gdp_share,4.162
FY2013,disc_defense_gdp_share,3.75
FY2014,disc_defense_gdp_share,3.422
FY2015,disc_defense_gdp_share,3.212
FY2016,disc_defense_gdp_share,3.137
FY2017,disc_defense_gdp_share,3.046
FY2018,disc_defense_gdp_share,3.047
FY2019,disc_defense_gdp_share,3.178
FY2020,disc_defense_gdp_share,3.345
FY2021,disc_defense_gdp_share,3.218
FY2022,disc_defense_gdp_share,2.942
FY2023,disc_defense_gdp_share,2.943
FY2024,disc_defense_gdp_share,2.939
FY2025,disc_defense_gdp_share,2.94
FY1962,disc_nondefense,19.525
FY1963,disc_nondefense,21.576
FY1964,disc_nondefense,24.098
FY1965,disc_nondefense,26.77
FY1966,disc_nondefense,31.145
FY1967,disc_nondefense,34.483
FY1968,disc_nondefense,35.826
FY1969,disc_nondefense,34.603
FY1970,disc_nondefense,38.342
FY1971,disc_nondefense,43.522
FY1972,disc_nondefense,49.206
FY1973,disc_nondefense,53.299
FY1974,disc_nondefense,57.487
FY1975,disc_nondefense,70.35
FY1976,disc_nondefense,85.701
FY1977,disc_nondefense,99.556
FY1978,disc_nondefense,114.061
FY1979,disc_nondefense,123.221
FY1980,disc_nondefense,141.695
FY1981,disc_nondefense,149.949
FY1982,disc_nondefense,140.019
FY1983,disc_nondefense,143.428
FY1984,disc_nondefense,151.402
FY1985,disc_nondefense,162.684
FY1986,disc_nondefense,164.688
FY1987,disc_nondefense,161.644
FY1988,disc_nondefense,173.5
FY1989,disc_nondefense,184.798
FY1990,disc_nondefense,200.437
FY1991,disc_nondefense,213.574
FY1992,disc_nondefense,231.201
FY1993,disc_nondefense,247.323
FY1994,disc_nondefense,259.074
FY1995,disc_nondefense,271.199
FY1996,disc_nondefense,266.772
FY1997,disc_nondefense,275.363
FY1998,disc_nondefense,281.745
FY1999,disc_nondefense,296.65
FY2000,disc_nondefense,319.661
FY2001,disc_nondefense,342.966
FY2002,disc_nondefense,384.998
FY2003,disc_nondefense,419.397
FY2004,disc_nondefense,441.008
FY2005,disc_nondefense,474.938
FY2006,disc_nondefense,496.657
FY2007,disc_nondefense,493.722
FY2008,disc_nondefense,522.45
FY2009,disc_nondefense,580.81
FY2010,disc_nondefense,658.307
FY2011,disc_nondefense,647.744
FY2012,disc_nondefense,605.181
FY2013,disc_nondefense,576.611
FY2014,disc_nondefense,582.417
FY2015,disc_nondefense,588.755
FY2016,disc_nondefense,600.423
FY2017,disc_nondefense,610.117
FY2018,disc_nondefense,638.827
FY2019,disc_nondefense,661.629
FY2020,disc_nondefense,914.061
FY2021,disc_nondefense,894.8
FY2022,disc_nondefense,912.42
FY2023,disc_nondefense,911.939
FY2024,disc_nondefense,959.475
FY2025,disc_nondefense,979.877
FY1962,disc_nondefense_gdp_share,3.334
FY1963,disc_nondefense_gdp_share,3.49
FY1964,disc_nondefense_gdp_share,3.642
FY1965,disc_nondefense_gdp_share,3.774
FY1966,disc_nondefense_gdp_share,3.991
FY1967,disc_nondefense_gdp_share,4.122
FY1968,disc_nondefense_gdp_share,3.991
FY1969,disc_nondefense_gdp_share,3.53
FY1970,disc_nondefense_gdp_share,3.663
FY1971,disc_nondefense_gdp_share,3.898
FY1972,disc_nondefense_gdp_share,4.046
FY1973,disc_nondefense_gdp_share,3.94
FY1974,disc_nondefense_gdp_share,3.877
FY1975,disc_nondefense_gdp_share,4.378
FY1976,disc_nondefense_gdp_share,4.798
FY1977,disc_nondefense_gdp_share,4.918
FY1978,disc_nondefense_gdp_share,5.017
FY1979,disc_nondefense_gdp_share,4.803
FY1980,disc_nondefense_gdp_share,5.075
FY1981,disc_nondefense_gdp_share,4.786
FY1982,disc_nondefense_gdp_share,4.226
FY1983,disc_nondefense_gdp_share,4.056
FY1984,disc_nondefense_gdp_share,3.834
FY1985,disc_nondefense_gdp_share,3.814
FY1986,disc_nondefense_gdp_share,3.639
FY1987,disc_nondefense_gdp_share,3.39
FY1988,disc_nondefense_gdp_share,3.376
FY1989,disc_nondefense_gdp_share,3.327
FY1990,disc_nondefense_gdp_share,3.398
FY1991,disc_nondefense_gdp_share,3.505
FY1992,disc_nondefense_gdp_share,3.603
FY1993,disc_nondefense_gdp_share,3.65
FY1994,disc_nondefense_gdp_share,3.61
FY1995,disc_nondefense_gdp_share,3.587
FY1996,disc_nondefense_gdp_share,3.355
FY1997,disc_nondefense_gdp_share,3.258
FY1998,disc_nondefense_gdp_share,3.155
FY1999,disc_nondefense_gdp_share,3.129
FY2000,disc_nondefense_gdp_share,3.16
FY2001,disc_nondefense_gdp_share,3.258
FY2002,disc_nondefense_gdp_share,3.555
FY2003,disc_nondefense_gdp_share,3.718
FY2004,disc_nondefense_gdp_share,3.666
FY2005,disc_nondefense_gdp_share,3.699
FY2006,disc_nondefense_gdp_share,3.642
FY2007,disc_nondefense_gdp_share,3.451
FY2008,disc_nondefense_gdp_share,3.531
FY2009,disc_nondefense_gdp_share,4.015
FY2010,disc_nondefense_gdp_share,4.423
FY2011,disc_nondefense_gdp_share,4.188
FY2012,disc_nondefense_gdp_share,3.757
FY2013,disc_nondefense_gdp_share,3.455
FY2014,disc_nondefense_gdp_share,3.342
FY2015,disc_nondefense_gdp_share,3.241
FY2016,disc_nondefense_gdp_share,3.221
FY2017,disc_nondefense_gdp_share,3.149
FY2018,disc_nondefense_gdp_share,3.126
FY2019,disc_nondefense_gdp_share,3.108
FY2020,disc_nondefense_gdp_share,4.284
FY2021,disc_nondefense_gdp_share,3.883
FY2022,disc_nondefense_gdp_share,3.569
FY2023,disc_nondefense_gdp_share,3.328
FY2024,disc_nondefense_gdp_share,3.314
FY2025,disc_nondefense_gdp_share,3.227
FY1962,disc_total,72.075
FY1963,disc_total,75.294
FY1964,disc_total,79.136
FY1965,disc_total,77.793
FY1966,disc_total,90.143
FY1967,disc_total,106.473
FY1968,disc_total,117.978
FY1969,disc_total,117.318
FY1970,disc_total,120.254
FY1971,disc_total,122.531
FY1972,disc_total,128.544
FY1973,disc_total,130.394
FY1974,disc_total,138.207
FY1975,disc_total,157.965
FY1976,disc_total,175.577
FY1977,disc_total,197.073
FY1978,disc_total,218.71
FY1979,disc_total,239.998
FY1980,disc_total,276.324
FY1981,disc_total,307.913
FY1982,disc_total,325.952
FY1983,disc_total,353.31
FY1984,disc_total,379.447
FY1985,disc_total,415.793
FY1986,disc_total,438.52
FY1987,disc_total,444.161
FY1988,disc_total,464.418
FY1989,disc_total,488.832
FY1990,disc_total,500.578
FY1991,disc_total,533.278
FY1992,disc_total,533.803
FY1993,disc_total,539.753
FY1994,disc_total,541.34
FY1995,disc_total,544.761
FY1996,disc_total,532.733
FY1997,disc_total,547.037
FY1998,disc_total,551.995
FY1999,disc_total,572.113
FY2000,disc_total,614.626
FY2001,disc_total,649.041
FY2002,disc_total,733.95
FY2003,disc_total,824.339
FY2004,disc_total,895.065
FY2005,disc_total,968.541
FY2006,disc_total,1016.624
FY2007,disc_total,1041.59
FY2008,disc_total,1134.884
FY2009,disc_total,1237.534
FY2010,disc_total,1347.161
FY2011,disc_total,1347.136
FY2012,disc_total,1275.704
FY2013,disc_total,1202.361
FY2014,disc_total,1178.866
FY2015,disc_total,1172.14
FY2016,disc_total,1185.254
FY2017,disc_total,1200.309
FY2018,disc_total,1261.516
FY2019,disc_total,1337.999
FY2020,disc_total,1627.882
FY2021,disc_total,1636.407
FY2022,disc_total,1664.551
FY2023,disc_total,1718.13
FY2024,disc_total,1810.196
FY2025,disc_total,1872.425
FY1962,disc_total_gdp_share,12.306
FY1963,disc_total_gdp_share,12.18
FY1964,disc_total_gdp_share,11.959
FY1965,disc_total_gdp_share,10.967
FY1966,disc_total_gdp_share,11.55
FY1967,disc_total_gdp_share,12.728
FY1968,disc_total_gdp_share,13.144
FY1969,disc_total_gdp_share,11.968
FY1970,disc_total_gdp_share,11.489
FY1971,disc_total_gdp_share,10.974
FY1972,disc_total_gdp_share,10.569
FY1973,disc_total_gdp_share,9.639
FY1974,disc_total_gdp_share,9.32
FY1975,disc_total_gdp_share,9.83
FY1976,disc_total_gdp_share,9.83
FY1977,disc_total_gdp_share,9.735
FY1978,disc_total_gdp_share,9.62
FY1979,disc_total_gdp_share,9.355
FY1980,disc_total_gdp_share,9.897
FY1981,disc_total_gdp_share,9.827
FY1982,disc_total_gdp_share,9.838
FY1983,disc_total_gdp_share,9.992
FY1984,disc_total_gdp_share,9.608
FY1985,disc_total_gdp_share,9.749
FY1986,disc_total_gdp_share,9.688
FY1987,disc_total_gdp_share,9.316
FY1988,disc_total_gdp_share,9.038
FY1989,disc_total_gdp_share,8.8
FY1990,disc_total_gdp_share,8.486
FY1991,disc_total_gdp_share,8.752
FY1992,disc_total_gdp_share,8.32
FY1993,disc_total_gdp_share,7.966
FY1994,disc_total_gdp_share,7.543
FY1995,disc_total_gdp_share,7.205
FY1996,disc_total_gdp_share,6.7
FY1997,disc_total_gdp_share,6.473
FY1998,disc_total_gdp_share,6.181
FY1999,disc_total_gdp_share,6.035
FY2000,disc_total_gdp_share,6.075
FY2001,disc_total_gdp_share,6.166
FY2002,disc_total_gdp_share,6.778
FY2003,disc_total_gdp_share,7.309
FY2004,disc_total_gdp_share,7.441
FY2005,disc_total_gdp_share,7.543
FY2006,disc_total_gdp_share,7.455
FY2007,disc_total_gdp_share,7.281
FY2008,disc_total_gdp_share,7.67
FY2009,disc_total_gdp_share,8.554
FY2010,disc_total_gdp_share,9.051
FY2011,disc_total_gdp_share,8.71
FY2012,disc_total_gdp_share,7.919
FY2013,disc_total_gdp_share,7.205
FY2014,disc_total_gdp_share,6.764
FY2015,disc_total_gdp_share,6.453
FY2016,disc_total_gdp_share,6.358
FY2017,disc_total_gdp_share,6.195
FY2018,disc_total_gdp_share,6.173
FY2019,disc_total_gdp_share,6.286
FY2020,disc_total_gdp_share,7.629
FY2021,disc_total_gdp_share,7.101
FY2022,disc_total_gdp_share,6.511
FY2023,disc_total_gdp_share,6.271
FY2024,disc_total_gdp_share,6.253
FY2025,disc_total_gdp_share,6.167
FY1962,mand_federal_retirement,2.002
FY1963,mand_federal_retirement,2.288
FY1964,mand_federal_retirement,2.608
FY1965,mand_federal_retirement,2.928
FY1966,mand_federal_retirement,3.395
FY1967,mand_federal_retirement,3.881
FY1968,mand_federal_retirement,4.371
FY1969,mand_federal_retirement,4.882
FY1970,mand_federal_retirement,5.648
FY1971,mand_federal_retirement,6.728
FY1972,mand_federal_retirement,7.873
FY1973,mand_federal_retirement,9.131
FY1974,mand_federal_retirement,11.06
FY1975,mand_federal_retirement,15.304
FY1976,mand_federal_retirement,15.999
FY1977,mand_federal_retirement,18.371
FY1978,mand_federal_retirement,20.58
FY1979,mand_federal_retirement,23.446
FY1980,mand_federal_retirement,27.516
FY1981,mand_federal_retirement,32.43
FY1982,mand_federal_retirement,35.681
FY1983,mand_federal_retirement,38.084
FY1984,mand_federal_retirement,39.827
FY1985,mand_federal_retirement,40.443
FY1986,mand_federal_retirement,42.645
FY1987,mand_federal_retirement,45.763
FY1988,mand_federal_retirement,49.432
FY1989,mand_federal_retirement,52.139
FY1990,mand_federal_retirement,55.302
FY1991,mand_federal_retirement,59.942
FY1992,mand_federal_retirement,61.501
FY1993,mand_federal_retirement,64.433
FY1994,mand_federal_retirement,67.013
FY1995,mand_federal_retirement,70.513
FY1996,mand_federal_retirement,72.434
FY1997,mand_federal_retirement,76.209
FY1998,mand_federal_retirement,78.289
FY1999,mand_federal_retirement,80.409
FY2000,mand_federal_retirement,83.003
FY2001,mand_federal_retirement,87.31
FY2002,mand_federal_retirement,90.708
FY2003,mand_federal_retirement,93.162
FY2004,mand_federal_retirement,97.424
FY2005,mand_federal_retirement,103.107
FY2006,mand_federal_retirement,108.847
FY2007,mand_federal_retirement,114.917
FY2008,mand_federal_retirement,120.288
FY2009,mand_federal_retirement,129.878
FY2010,mand_federal_retirement,132.141
FY2011,mand_federal_retirement,137.781
FY2012,mand_federal_retirement,136.069
FY2013,mand_federal_retirement,145.857
FY2014,mand_federal_retirement,149.035
FY2015,mand_federal_retirement,153.979
FY2016,mand_federal_retirement,160.323
FY2017,mand_federal_retirement,158.342
FY2018,mand_federal_retirement,157.118
FY2019,mand_federal_retirement,166.654
FY2020,mand_federal_retirement,171.081
FY2021,mand_federal_retirement,173.651
FY2022,mand_federal_retirement,187.462
FY2023,mand_federal_retirement,197.131
FY2024,mand_federal_retirement,199.982
FY2025,mand_federal_retirement,209.931
FY1962,mand_federal_retirement_gdp_share,0.342
FY1963,mand_federal_retirement_gdp_share,0.37
FY1964,mand_federal_retirement_gdp_share,0.394
FY1965,mand_federal_retirement_gdp_share,0.413
FY1966,mand_federal_retirement_gdp_share,0.435
FY1967,mand_federal_retirement_gdp_share,0.464
FY1968,mand_federal_retirement_gdp_share,0.487
FY1969,mand_federal_retirement_gdp_share,0.498
FY1970,mand_federal_retirement_gdp_share,0.54
FY1971,mand_federal_retirement_gdp_share,0.603
FY1972,mand_federal_retirement_gdp_share,0.647
FY1973,mand_federal_retirement_gdp_share,0.675
FY1974,mand_federal_retirement_gdp_share,0.746
FY1975,mand_federal_retirement_gdp_share,0.952
FY1976,mand_federal_retirement_gdp_share,0.896
FY1977,mand_federal_retirement_gdp_share,0.908
FY1978,mand_federal_retirement_gdp_share,0.905
FY1979,mand_federal_retirement_gdp_share,0.914
FY1980,mand_federal_retirement_gdp_share,0.986
FY1981,mand_federal_retirement_gdp_share,1.035
FY1982,mand_federal_retirement_gdp_share,1.077
FY1983,mand_federal_retirement_gdp_share,1.077
FY1984,mand_federal_retirement_gdp_share,1.008
FY1985,mand_federal_retirement_gdp_share,0.948
FY1986,mand_federal_retirement_gdp_share,0.942
FY1987,mand_federal_retirement_gdp_share,0.96
FY1988,mand_federal_retirement_gdp_share,0.962
FY1989,mand_federal_retirement_gdp_share,0.939
FY1990,mand_federal_retirement_gdp_share,0.938
FY1991,mand_federal_retirement_gdp_share,0.984
FY1992,mand_federal_retirement_gdp_share,0.959
FY1993,mand_federal_retirement_gdp_share,0.951
FY1994,mand_federal_retirement_gdp_share,0.934
FY1995,mand_federal_retirement_gdp_share,0.933
FY1996,mand_federal_retirement_gdp_share,0.911
FY1997,mand_federal_retirement_gdp_share,0.902
FY1998,mand_federal_retirement_gdp_share,0.877
FY1999,mand_federal_retirement_gdp_share,0.848
FY2000,mand_federal_retirement_gdp_share,0.82
FY2001,mand_federal_retirement_gdp_share,0.829
FY2002,mand_federal_retirement_gdp_share,0.838
FY2003,mand_federal_retirement_gdp_share,0.826
FY2004,mand_federal_retirement_gdp_share,0.81
FY2005,mand_federal_retirement_gdp_share,0.803
FY2006,mand_federal_retirement_gdp_share,0.798
FY2007,mand_federal_retirement_gdp_share,0.803
FY2008,mand_federal_retirement_gdp_share,0.813
FY2009,mand_federal_retirement_gdp_share,0.898
FY2010,mand_federal_retirement_gdp_share,0.888
FY2011,mand_federal_retirement_gdp_share,0.891
FY2012,mand_federal_retirement_gdp_share,0.845
FY2013,mand_federal_retirement_gdp_share,0.874
FY2014,mand_federal_retirement_gdp_share,0.855
FY2015,mand_federal_retirement_gdp_share,0.848
FY2016,mand_federal_retirement_gdp_share,0.86
FY2017,mand_federal_retirement_gdp_share,0.817
FY2018,mand_federal_retirement_gdp_share,0.769
FY2019,mand_federal_retirement_gdp_share,0.783
FY2020,mand_federal_retirement_gdp_share,0.802
FY2021,mand_federal_retirement_gdp_share,0.754
FY2022,mand_federal_retirement_gdp_share,0.733
FY2023,mand_federal_retirement_gdp_share,0.72
FY2024,mand_federal_retirement_gdp_share,0.691
FY2025,mand_federal_retirement_gdp_share,0.691
FY1962,mand_income_security,6.105
FY1963,mand_income_security,6.458
FY1964,mand_income_security,6.36
FY1965,mand_income_security,5.621
FY1966,mand_income_security,5.187
FY1967,mand_income_security,5.177
FY1968,mand_income_security,5.939
FY1969,mand_income_security,6.497
FY1970,mand_income_security,8.177
FY1971,mand_income_security,13.413
FY1972,mand_income_security,16.415
FY1973,mand_income_security,14.451
FY1974,mand_income_security,17.398
FY1975,mand_income_security,28.889
FY1976,mand_income_security,37.604
FY1977,mand_income_security,34.528
FY1978,mand_income_security,32.042
FY1979,mand_income_security,32.124
FY1980,mand_income_security,44.274
FY1981,mand_income_security,49.787
FY1982,mand_income_security,53.103
FY1983,mand_income_security,64.167
FY1984,mand_income_security,51.815
FY1985,mand_income_security,52.584
FY1986,mand_income_security,54.465
FY1987,mand_income_security,55.304
FY1988,mand_income_security,57.524
FY1989,mand_income_security,61.129
FY1990,mand_income_security,68.749
FY1991,mand_income_security,86.931
FY1992,mand_income_security,110.766
FY1993,mand_income_security,117.093
FY1994,mand_income_security,116.099
FY1995,mand_income_security,116.649
FY1996,mand_income_security,121.604
FY1997,mand_income_security,122.475
FY1998,mand_income_security,122.143
FY1999,mand_income_security,129.018
FY2000,mand_income_security,133.939
FY2001,mand_income_security,143.115
FY2002,mand_income_security,180.349
FY2003,mand_income_security,196.151
FY2004,mand_income_security,190.594
FY2005,mand_income_security,196.873
FY2006,mand_income_security,200.045
FY2007,mand_income_security,203.11
FY2008,mand_income_security,260.654
FY2009,mand_income_security,350.22
FY2010,mand_income_security,437.291
FY2011,mand_income_security,404.039
FY2012,mand_income_security,353.588
FY2013,mand_income_security,339.507
FY2014,mand_income_security,310.898
FY2015,mand_income_security,301.012
FY2016,mand_income_security,303.705
FY2017,mand_income_security,293.754
FY2018,mand_income_security,285.184
FY2019,mand_income_security,302.517
FY2020,mand_income_security,1050.897
FY2021,mand_income_security,1376.242
FY2022,mand_income_security,580.67
FY2023,mand_income_security,448.1
FY2024,mand_income_security,370.185
FY2025,mand_income_security,397.425
FY1962,mand_income_security_gdp_share,1.042
FY1963,mand_income_security_gdp_share,1.045
FY1964,mand_income_security_gdp_share,0.961
FY1965,mand_income_security_gdp_share,0.792
FY1966,mand_income_security_gdp_share,0.665
FY1967,mand_income_security_gdp_share,0.619
FY1968,mand_income_security_gdp_share,0.662
FY1969,mand_income_security_gdp_share,0.663
FY1970,mand_income_security_gdp_share,0.781
FY1971,mand_income_security_gdp_share,1.201
FY1972,mand_income_security_gdp_share,1.35
FY1973,mand_income_security_gdp_share,1.068
FY1974,mand_income_security_gdp_share,1.173
FY1975,mand_income_security_gdp_share,1.798
FY1976,mand_income_security_gdp_share,2.105
FY1977,mand_income_security_gdp_share,1.706
FY1978,mand_income_security_gdp_share,1.409
FY1979,mand_income_security_gdp_share,1.252
FY1980,mand_income_security_gdp_share,1.586
FY1981,mand_income_security_gdp_share,1.589
FY1982,mand_income_security_gdp_share,1.603
FY1983,mand_income_security_gdp_share,1.815
FY1984,mand_income_security_gdp_share,1.312
FY1985,mand_income_security_gdp_share,1.233
FY1986,mand_income_security_gdp_share,1.203
FY1987,mand_income_security_gdp_share,1.16
FY1988,mand_income_security_gdp_share,1.119
FY1989,mand_income_security_gdp_share,1.1
FY1990,mand_income_security_gdp_share,1.165
FY1991,mand_income_security_gdp_share,1.427
FY1992,mand_income_security_gdp_share,1.726
FY1993,mand_income_security_gdp_share,1.728
FY1994,mand_income_security_gdp_share,1.618
FY1995,mand_income_security_gdp_share,1.543
FY1996,mand_income_security_gdp_share,1.529
FY1997,mand_income_security_gdp_share,1.449
FY1998,mand_income_security_gdp_share,1.368
FY1999,mand_income_security_gdp_share,1.361
FY2000,mand_income_security_gdp_share,1.324
FY2001,mand_income_security_gdp_share,1.36
FY2002,mand_income_security_gdp_share,1.665
FY2003,mand_income_security_gdp_share,1.739
FY2004,mand_income_security_gdp_share,1.585
FY2005,mand_income_security_gdp_share,1.533
FY2006,mand_income_security_gdp_share,1.467
FY2007,mand_income_security_gdp_share,1.42
FY2008,mand_income_security_gdp_share,1.762
FY2009,mand_income_security_gdp_share,2.421
FY2010,mand_income_security_gdp_share,2.938
FY2011,mand_income_security_gdp_share,2.612
FY2012,mand_income_security_gdp_share,2.195
FY2013,mand_income_security_gdp_share,2.034
FY2014,mand_income_security_gdp_share,1.784
FY2015,mand_income_security_gdp_share,1.657
FY2016,mand_income_security_gdp_share,1.629
FY2017,mand_income_security_gdp_share,1.516
FY2018,mand_income_security_gdp_share,1.395
FY2019,mand_income_security_gdp_share,1.421
FY2020,mand_income_security_gdp_share,4.925
FY2021,mand_income_security_gdp_share,5.972
FY2022,mand_income_security_gdp_share,2.271
FY2023,mand_income_security_gdp_share,1.636
FY2024,mand_income_security_gdp_share,1.279
FY2025,mand_income_security_gdp_share,1.309
FY1962,mand_major_health_care,0.103
FY1963,mand_major_health_care,0.157
FY1964,mand_major_health_care,0.21
FY1965,mand_major_health_care,0.272
FY1966,mand_major_health_care,0.77
FY1967,mand_major_health_care,3.698
FY1968,mand_major_health_care,6.234
FY1969,mand_major_health_care,7.681
FY1970,mand_major_health_care,8.574
FY1971,mand_major_health_care,9.587
FY1972,mand_major_health_care,11.625
FY1973,mand_major_health_care,12.213
FY1974,mand_major_health_care,14.79
FY1975,mand_major_health_care,19.054
FY1976,mand_major_health_care,23.566
FY1977,mand_major_health_care,28.451
FY1978,mand_major_health_care,32.512
FY1979,mand_major_health_care,37.914
FY1980,mand_major_health_care,44.967
FY1981,mand_major_health_care,54.76
FY1982,mand_major_health_care,62.702
FY1983,mand_major_health_care,70.231
FY1984,mand_major_health_care,76.07
FY1985,mand_major_health_care,86.742
FY1986,mand_major_health_care,93.441
FY1987,mand_major_health_care,100.828
FY1988,mand_major_health_care,107.368
FY1989,mand_major_health_care,117.314
FY1990,mand_major_health_care,136.906
FY1991,mand_major_health_care,154.578
FY1992,mand_major_health_care,184.005
FY1993,mand_major_health_care,203.676
FY1994,mand_major_health_care,223.867
FY1995,mand_major_health_care,245.954
FY1996,mand_major_health_care,263.262
FY1997,mand_major_health_care,282.993
FY1998,mand_major_health_care,291.472
FY1999,mand_major_health_care,296.301
FY2000,mand_major_health_care,313.256
FY2001,mand_major_health_care,347.134
FY2002,mand_major_health_care,378.893
FY2003,mand_major_health_care,410.757
FY2004,mand_major_health_care,445.728
FY2005,mand_major_health_care,481.183
FY2006,mand_major_health_care,510.955
FY2007,mand_major_health_care,567.399
FY2008,mand_major_health_care,594.143
FY2009,mand_major_health_care,683.566
FY2010,mand_major_health_care,727.136
FY2011,mand_major_health_care,763.54
FY2012,mand_major_health_care,725.784
FY2013,mand_major_health_care,767.633
FY2014,mand_major_health_care,830.96
FY2015,mand_major_health_care,936.52
FY2016,mand_major_health_care,1012.58
FY2017,mand_major_health_care,1030.389
FY2018,mand_major_health_care,1037.564
FY2019,mand_major_health_care,1126.519
FY2020,mand_major_health_care,1301.605
FY2021,mand_major_health_care,1297.11
FY2022,mand_major_health_care,1441.911
FY2023,mand_major_health_care,1563.263
FY2024,mand_major_health_care,1623.866
FY2025,mand_major_health_care,1819.341
FY1962,mand_major_health_care_gdp_share,0.018
FY1963,mand_major_health_care_gdp_share,0.025
FY1964,mand_major_health_care_gdp_share,0.032
FY1965,mand_major_health_care_gdp_share,0.038
FY1966,mand_major_health_care_gdp_share,0.099
FY1967,mand_major_health_care_gdp_share,0.442
FY1968,mand_major_health_care_gdp_share,0.695
FY1969,mand_major_health_care_gdp_share,0.784
FY1970,mand_major_health_care_gdp_share,0.819
FY1971,mand_major_health_care_gdp_share,0.859
FY1972,mand_major_health_care_gdp_share,0.956
FY1973,mand_major_health_care_gdp_share,0.903
FY1974,mand_major_health_care_gdp_share,0.997
FY1975,mand_major_health_care_gdp_share,1.186
FY1976,mand_major_health_care_gdp_share,1.319
FY1977,mand_major_health_care_gdp_share,1.405
FY1978,mand_major_health_care_gdp_share,1.43
FY1979,mand_major_health_care_gdp_share,1.478
FY1980,mand_major_health_care_gdp_share,1.611
FY1981,mand_major_health_care_gdp_share,1.748
FY1982,mand_major_health_care_gdp_share,1.892
FY1983,mand_major_health_care_gdp_share,1.986
FY1984,mand_major_health_care_gdp_share,1.926
FY1985,mand_major_health_care_gdp_share,2.034
FY1986,mand_major_health_care_gdp_share,2.064
FY1987,mand_major_health_care_gdp_share,2.115
FY1988,mand_major_health_care_gdp_share,2.089
FY1989,mand_major_health_care_gdp_share,2.112
FY1990,mand_major_health_care_gdp_share,2.321
FY1991,mand_major_health_care_gdp_share,2.537
FY1992,mand_major_health_care_gdp_share,2.868
FY1993,mand_major_health_care_gdp_share,3.006
FY1994,mand_major_health_care_gdp_share,3.119
FY1995,mand_major_health_care_gdp_share,3.253
FY1996,mand_major_health_care_gdp_share,3.311
FY1997,mand_major_health_care_gdp_share,3.349
FY1998,mand_major_health_care_gdp_share,3.264
FY1999,mand_major_health_care_gdp_share,3.126
FY2000,mand_major_health_care_gdp_share,3.096
FY2001,mand_major_health_care_gdp_share,3.298
FY2002,mand_major_health_care_gdp_share,3.499
FY2003,mand_major_health_care_gdp_share,3.642
FY2004,mand_major_health_care_gdp_share,3.706
FY2005,mand_major_health_care_gdp_share,3.748
FY2006,mand_major_health_care_gdp_share,3.747
FY2007,mand_major_health_care_gdp_share,3.966
FY2008,mand_major_health_care_gdp_share,4.015
FY2009,mand_major_health_care_gdp_share,4.725
FY2010,mand_major_health_care_gdp_share,4.885
FY2011,mand_major_health_care_gdp_share,4.937
FY2012,mand_major_health_care_gdp_share,4.505
FY2013,mand_major_health_care_gdp_share,4.6
FY2014,mand_major_health_care_gdp_share,4.768
FY2015,mand_major_health_care_gdp_share,5.156
FY2016,mand_major_health_care_gdp_share,5.432
FY2017,mand_major_health_care_gdp_share,5.318
FY2018,mand_major_health_care_gdp_share,5.077
FY2019,mand_major_health_care_gdp_share,5.292
FY2020,mand_major_health_care_gdp_share,6.1
FY2021,mand_major_health_care_gdp_share,5.629
FY2022,mand_major_health_care_gdp_share,5.64
FY2023,mand_major_health_care_gdp_share,5.706
FY2024,mand_major_health_care_gdp_share,5.61
FY2025,mand_major_health_care_gdp_share,5.992
FY1962,mand_medicaid,0.103
FY1963,mand_medicaid,0.157
FY1964,mand_medicaid,0.21
FY1965,mand_medicaid,0.272
FY1966,mand_medicaid,0.77
FY1967,mand_medicaid,1.173
FY1968,mand_medicaid,1.806
FY1969,mand_medicaid,2.285
FY1970,mand_medicaid,2.727
FY1971,mand_medicaid,3.362
FY1972,mand_medicaid,4.601
FY1973,mand_medicaid,4.6
FY1974,mand_medicaid,5.818
FY1975,mand_medicaid,6.84
FY1976,mand_medicaid,8.568
FY1977,mand_medicaid,9.876
FY1978,mand_medicaid,10.68
FY1979,mand_medicaid,12.407
FY1980,mand_medicaid,13.957
FY1981,mand_medicaid,16.833
FY1982,mand_medicaid,17.391
FY1983,mand_medicaid,18.985
FY1984,mand_medicaid,20.061
FY1985,mand_medicaid,22.655
FY1986,mand_medicaid,24.995
FY1987,mand_medicaid,27.435
FY1988,mand_medicaid,30.462
FY1989,mand_medicaid,34.604
FY1990,mand_medicaid,41.103
FY1991,mand_medicaid,52.533
FY1992,mand_medicaid,67.827
FY1993,mand_medicaid,75.774
FY1994,mand_medicaid,82.034
FY1995,mand_medicaid,89.07
FY1996,mand_medicaid,91.99
FY1997,mand_medicaid,95.552
FY1998,mand_medicaid,101.234
FY1999,mand_medicaid,108.042
FY2000,mand_medicaid,117.921
FY2001,mand_medicaid,129.374
FY2002,mand_medicaid,147.512
FY2003,mand_medicaid,160.693
FY2004,mand_medicaid,176.231
FY2005,mand_medicaid,181.72
FY2006,mand_medicaid,180.625
FY2007,mand_medicaid,190.624
FY2008,mand_medicaid,201.426
FY2009,mand_medicaid,250.924
FY2010,mand_medicaid,272.771
FY2011,mand_medicaid,274.964
FY2012,mand_medicaid,250.534
FY2013,mand_medicaid,265.392
FY2014,mand_medicaid,301.472
FY2015,mand_medicaid,349.762
FY2016,mand_medicaid,368.28
FY2017,mand_medicaid,374.682
FY2018,mand_medicaid,389.157
FY2019,mand_medicaid,409.421
FY2020,mand_medicaid,458.468
FY2021,mand_medicaid,520.588
FY2022,mand_medicaid,591.949
FY2023,mand_medicaid,615.772
FY2024,mand_medicaid,617.517
FY2025,mand_medicaid,668.134
FY1962,mand_medicaid_gdp_share,0.018
FY1963,mand_medicaid_gdp_share,0.025
FY1964,mand_medicaid_gdp_share,0.032
FY1965,mand_medicaid_gdp_share,0.038
FY1966,mand_medicaid_gdp_share,0.099
FY1967,mand_medicaid_gdp_share,0.14
FY1968,mand_medicaid_gdp_share,0.201
FY1969,mand_medicaid_gdp_share,0.233
FY1970,mand_medicaid_gdp_share,0.261
FY1971,mand_medicaid_gdp_share,0.301
FY1972,mand_medicaid_gdp_share,0.378
FY1973,mand_medicaid_gdp_share,0.34
FY1974,mand_medicaid_gdp_share,0.392
FY1975,mand_medicaid_gdp_share,0.426
FY1976,mand_medicaid_gdp_share,0.48
FY1977,mand_medicaid_gdp_share,0.488
FY1978,mand_medicaid_gdp_share,0.47
FY1979,mand_medicaid_gdp_share,0.484
FY1980,mand_medicaid_gdp_share,0.5
FY1981,mand_medicaid_gdp_share,0.537
FY1982,mand_medicaid_gdp_share,0.525
FY1983,mand_medicaid_gdp_share,0.537
FY1984,mand_medicaid_gdp_share,0.508
FY1985,mand_medicaid_gdp_share,0.531
FY1986,mand_medicaid_gdp_share,0.552
FY1987,mand_medicaid_gdp_share,0.575
FY1988,mand_medicaid_gdp_share,0.593
FY1989,mand_medicaid_gdp_share,0.623
FY1990,mand_medicaid_gdp_share,0.697
FY1991,mand_medicaid_gdp_share,0.862
FY1992,mand_medicaid_gdp_share,1.057
FY1993,mand_medicaid_gdp_share,1.118
FY1994,mand_medicaid_gdp_share,1.143
FY1995,mand_medicaid_gdp_share,1.178
FY1996,mand_medicaid_gdp_share,1.157
FY1997,mand_medicaid_gdp_share,1.131
FY1998,mand_medicaid_gdp_share,1.134
FY1999,mand_medicaid_gdp_share,1.14
FY2000,mand_medicaid_gdp_share,1.166
FY2001,mand_medicaid_gdp_share,1.229
FY2002,mand_medicaid_gdp_share,1.362
FY2003,mand_medicaid_gdp_share,1.425
FY2004,mand_medicaid_gdp_share,1.465
FY2005,mand_medicaid_gdp_share,1.415
FY2006,mand_medicaid_gdp_share,1.325
FY2007,mand_medicaid_gdp_share,1.333
FY2008,mand_medicaid_gdp_share,1.361
FY2009,mand_medicaid_gdp_share,1.734
FY2010,mand_medicaid_gdp_share,1.833
FY2011,mand_medicaid_gdp_share,1.778
FY2012,mand_medicaid_gdp_share,1.555
FY2013,mand_medicaid_gdp_share,1.59
FY2014,mand_medicaid_gdp_share,1.73
FY2015,mand_medicaid_gdp_share,1.926
FY2016,mand_medicaid_gdp_share,1.976
FY2017,mand_medicaid_gdp_share,1.934
FY2018,mand_medicaid_gdp_share,1.904
FY2019,mand_medicaid_gdp_share,1.923
FY2020,mand_medicaid_gdp_share,2.149
FY2021,mand_medicaid_gdp_share,2.259
FY2022,mand_medicaid_gdp_share,2.315
FY2023,mand_medicaid_gdp_share,2.248
FY2024,mand_medicaid_gdp_share,2.133
FY2025,mand_medicaid_gdp_share,2.201
FY1967,mand_medicare,3.172
FY1968,mand_medicare,5.126
FY1969,mand_medicare,6.299
FY1970,mand_medicare,6.783
FY1971,mand_medicare,7.478
FY1972,mand_medicare,8.364
FY1973,mand_medicare,9.04
FY1974,mand_medicare,10.68
FY1975,mand_medicare,14.121
FY1976,mand_medicare,16.943
FY1977,mand_medicare,20.779
FY1978,mand_medicare,24.275
FY1979,mand_medicare,28.16
FY1980,mand_medicare,33.955
FY1981,mand_medicare,41.267
FY1982,mand_medicare,49.167
FY1983,mand_medicare,55.526
FY1984,mand_medicare,61.138
FY1985,mand_medicare,69.662
FY1986,mand_medicare,74.186
FY1987,mand_medicare,79.912
FY1988,mand_medicare,85.704
FY1989,mand_medicare,93.183
FY1990,mand_medicare,107.048
FY1991,mand_medicare,114.219
FY1992,mand_medicare,129.41
FY1993,mand_medicare,143.208
FY1994,mand_medicare,159.58
FY1995,mand_medicare,177.125
FY1996,mand_medicare,191.31
FY1997,mand_medicare,207.862
FY1998,mand_medicare,210.98
FY1999,mand_medicare,209.255
FY2000,mand_medicare,216.022
FY2001,mand_medicare,237.859
FY2002,mand_medicare,253.683
FY2003,mand_medicare,274.151
FY2004,mand_medicare,297.032
FY2005,mand_medicare,335.122
FY2006,mand_medicare,376.82
FY2007,mand_medicare,436.116
FY2008,mand_medicare,455.99
FY2009,mand_medicare,499.924
FY2010,mand_medicare,520.486
FY2011,mand_medicare,559.623
FY2012,mand_medicare,551.133
FY2013,mand_medicare,585.224
FY2014,mand_medicare,599.784
FY2015,mand_medicare,634.092
FY2016,mand_medicare,692.491
FY2017,mand_medicare,702.286
FY2018,mand_medicare,704.501
FY2019,mand_medicare,775.37
FY2020,mand_medicare,912.116
FY2021,mand_medicare,867.676
FY2022,mand_medicare,974.649
FY2023,mand_medicare,1015.87
FY2024,mand_medicare,1043.79
FY2025,mand_medicare,1179.972
FY1967,mand_medicare_gdp_share,0.379
FY1968,mand_medicare_gdp_share,0.571
FY1969,mand_medicare_gdp_share,0.643
FY1970,mand_medicare_gdp_share,0.648
FY1971,mand_medicare_gdp_share,0.67
FY1972,mand_medicare_gdp_share,0.688
FY1973,mand_medicare_gdp_share,0.668
FY1974,mand_medicare_gdp_share,0.72
FY1975,mand_medicare_gdp_share,0.879
FY1976,mand_medicare_gdp_share,0.949
FY1977,mand_medicare_gdp_share,1.026
FY1978,mand_medicare_gdp_share,1.068
FY1979,mand_medicare_gdp_share,1.098
FY1980,mand_medicare_gdp_share,1.216
FY1981,mand_medicare_gdp_share,1.317
FY1982,mand_medicare_gdp_share,1.484
FY1983,mand_medicare_gdp_share,1.57
FY1984,mand_medicare_gdp_share,1.548
FY1985,mand_medicare_gdp_share,1.633
FY1986,mand_medicare_gdp_share,1.639
FY1987,mand_medicare_gdp_share,1.676
FY1988,mand_medicare_gdp_share,1.668
FY1989,mand_medicare_gdp_share,1.678
FY1990,mand_medicare_gdp_share,1.815
FY1991,mand_medicare_gdp_share,1.875
FY1992,mand_medicare_gdp_share,2.017
FY1993,mand_medicare_gdp_share,2.114
FY1994,mand_medicare_gdp_share,2.224
FY1995,mand_medicare_gdp_share,2.343
FY1996,mand_medicare_gdp_share,2.406
FY1997,mand_medicare_gdp_share,2.46
FY1998,mand_medicare_gdp_share,2.362
FY1999,mand_medicare_gdp_share,2.207
FY2000,mand_medicare_gdp_share,2.135
FY2001,mand_medicare_gdp_share,2.26
FY2002,mand_medicare_gdp_share,2.343
FY2003,mand_medicare_gdp_share,2.431
FY2004,mand_medicare_gdp_share,2.469
FY2005,mand_medicare_gdp_share,2.61
FY2006,mand_medicare_gdp_share,2.763
FY2007,mand_medicare_gdp_share,3.049
FY2008,mand_medicare_gdp_share,3.082
FY2009,mand_medicare_gdp_share,3.456
FY2010,mand_medicare_gdp_share,3.497
FY2011,mand_medicare_gdp_share,3.618
FY2012,mand_medicare_gdp_share,3.421
FY2013,mand_medicare_gdp_share,3.507
FY2014,mand_medicare_gdp_share,3.441
FY2015,mand_medicare_gdp_share,3.491
FY2016,mand_medicare_gdp_share,3.715
FY2017,mand_medicare_gdp_share,3.625
FY2018,mand_medicare_gdp_share,3.447
FY2019,mand_medicare_gdp_share,3.643
FY2020,mand_medicare_gdp_share,4.275
FY2021,mand_medicare_gdp_share,3.765
FY2022,mand_medicare_gdp_share,3.812
FY2023,mand_medicare_gdp_share,3.708
FY2024,mand_medicare_gdp_share,3.606
FY2025,mand_medicare_gdp_share,3.886
FY1962,mand_offsetting_receipts,-7.192
FY1963,mand_offsetting_receipts,-8.47
FY1964,mand_offsetting_receipts,-8.137
FY1965,mand_offsetting_receipts,-8.178
FY1966,mand_offsetting_receipts,-9.313
FY1967,mand_offsetting_receipts,-10.773
FY1968,mand_offsetting_receipts,-11.065
FY1969,mand_offsetting_receipts,-11.32
FY1970,mand_offsetting_receipts,-11.897
FY1971,mand_offsetting_receipts,-14.38
FY1972,mand_offsetting_receipts,-14.424
FY1973,mand_offsetting_receipts,-18.589
FY1974,mand_offsetting_receipts,-22.79
FY1975,mand_offsetting_receipts,-19.718
FY1976,mand_offsetting_receipts,-20.172
FY1977,mand_offsetting_receipts,-21.529
FY1978,mand_offsetting_receipts,-22.727
FY1979,mand_offsetting_receipts,-25.554
FY1980,mand_offsetting_receipts,-29.994
FY1981,mand_offsetting_receipts,-39.007
FY1982,mand_offsetting_receipts,-37.194
FY1983,mand_offsetting_receipts,-45.618
FY1984,mand_offsetting_receipts,-44.964
FY1985,mand_offsetting_receipts,-48.349
FY1986,mand_offsetting_receipts,-47.77
FY1987,mand_offsetting_receipts,-52.825
FY1988,mand_offsetting_receipts,-55.325
FY1989,mand_offsetting_receipts,-58.213
FY1990,mand_offsetting_receipts,-57.538
FY1991,mand_offsetting_receipts,-105.457
FY1992,mand_offsetting_receipts,-69.308
FY1993,mand_offsetting_receipts,-65.898
FY1994,mand_offsetting_receipts,-68.502
FY1995,mand_offsetting_receipts,-78.66
FY1996,mand_offsetting_receipts,-70.969
FY1997,mand_offsetting_receipts,-85.428
FY1998,mand_offsetting_receipts,-83.547
FY1999,mand_offsetting_receipts,-79.51
FY2000,mand_offsetting_receipts,-81.114
FY2001,mand_offsetting_receipts,-89.334
FY2002,mand_offsetting_receipts,-90.425
FY2003,mand_offsetting_receipts,-100.989
FY2004,mand_offsetting_receipts,-108.905
FY2005,mand_offsetting_receipts,-128.673
FY2006,mand_offsetting_receipts,-144.312
FY2007,mand_offsetting_receipts,-177.929
FY2008,mand_offsetting_receipts,-185.428
FY2009,mand_offsetting_receipts,-194.58
FY2010,mand_offsetting_receipts,-196.479
FY2011,mand_offsetting_receipts,-208.858
FY2012,mand_offsetting_receipts,-228.248
FY2013,mand_offsetting_receipts,-304.678
FY2014,mand_offsetting_receipts,-277.306
FY2015,mand_offsetting_receipts,-258.366
FY2016,mand_offsetting_receipts,-237.564
FY2017,mand_offsetting_receipts,-253.447
FY2018,mand_offsetting_receipts,-259.647
FY2019,mand_offsetting_receipts,-275.984
FY2020,mand_offsetting_receipts,-277.823
FY2021,mand_offsetting_receipts,-333.362
FY2022,mand_offsetting_receipts,-505.028
FY2023,mand_offsetting_receipts,-344.599
FY2024,mand_offsetting_receipts,-354.651
FY2025,mand_offsetting_receipts,-369.837
FY1962,mand_offsetting_receipts_gdp_share,-1.228
FY1963,mand_offsetting_receipts_gdp_share,-1.37
FY1964,mand_offsetting_receipts_gdp_share,-1.23
FY1965,mand_offsetting_receipts_gdp_share,-1.153
FY1966,mand_offsetting_receipts_gdp_share,-1.193
FY1967,mand_offsetting_receipts_gdp_share,-1.288
FY1968,mand_offsetting_receipts_gdp_share,-1.233
FY1969,mand_offsetting_receipts_gdp_share,-1.155
FY1970,mand_offsetting_receipts_gdp_share,-1.137
FY1971,mand_offsetting_receipts_gdp_share,-1.288
FY1972,mand_offsetting_receipts_gdp_share,-1.186
FY1973,mand_offsetting_receipts_gdp_share,-1.374
FY1974,mand_offsetting_receipts_gdp_share,-1.537
FY1975,mand_offsetting_receipts_gdp_share,-1.227
FY1976,mand_offsetting_receipts_gdp_share,-1.129
FY1977,mand_offsetting_receipts_gdp_share,-1.064
FY1978,mand_offsetting_receipts_gdp_share,-1.0
FY1979,mand_offsetting_receipts_gdp_share,-0.996
FY1980,mand_offsetting_receipts_gdp_share,-1.074
FY1981,mand_offsetting_receipts_gdp_share,-1.245
FY1982,mand_offsetting_receipts_gdp_share,-1.123
FY1983,mand_offsetting_receipts_gdp_share,-1.29
FY1984,mand_offsetting_receipts_gdp_share,-1.139
FY1985,mand_offsetting_receipts_gdp_share,-1.134
FY1986,mand_offsetting_receipts_gdp_share,-1.055
FY1987,mand_offsetting_receipts_gdp_share,-1.108
FY1988,mand_offsetting_receipts_gdp_share,-1.077
FY1989,mand_offsetting_receipts_gdp_share,-1.048
FY1990,mand_offsetting_receipts_gdp_share,-0.975
FY1991,mand_offsetting_receipts_gdp_share,-1.731
FY1992,mand_offsetting_receipts_gdp_share,-1.08
FY1993,mand_offsetting_receipts_gdp_share,-0.973
FY1994,mand_offsetting_receipts_gdp_share,-0.954
FY1995,mand_offsetting_receipts_gdp_share,-1.04
FY1996,mand_offsetting_receipts_gdp_share,-0.893
FY1997,mand_offsetting_receipts_gdp_share,-1.011
FY1998,mand_offsetting_receipts_gdp_share,-0.935
FY1999,mand_offsetting_receipts_gdp_share,-0.839
FY2000,mand_offsetting_receipts_gdp_share,-0.802
FY2001,mand_offsetting_receipts_gdp_share,-0.849
FY2002,mand_offsetting_receipts_gdp_share,-0.835
FY2003,mand_offsetting_receipts_gdp_share,-0.895
FY2004,mand_offsetting_receipts_gdp_share,-0.905
FY2005,mand_offsetting_receipts_gdp_share,-1.002
FY2006,mand_offsetting_receipts_gdp_share,-1.058
FY2007,mand_offsetting_receipts_gdp_share,-1.244
FY2008,mand_offsetting_receipts_gdp_share,-1.253
FY2009,mand_offsetting_receipts_gdp_share,-1.345
FY2010,mand_offsetting_receipts_gdp_share,-1.32
FY2011,mand_offsetting_receipts_gdp_share,-1.35
FY2012,mand_offsetting_receipts_gdp_share,-1.417
FY2013,mand_offsetting_receipts_gdp_share,-1.826
FY2014,mand_offsetting_receipts_gdp_share,-1.591
FY2015,mand_offsetting_receipts_gdp_share,-1.422
FY2016,mand_offsetting_receipts_gdp_share,-1.274
FY2017,mand_offsetting_receipts_gdp_share,-1.308
FY2018,mand_offsetting_receipts_gdp_share,-1.271
FY2019,mand_offsetting_receipts_gdp_share,-1.297
FY2020,mand_offsetting_receipts_gdp_share,-1.302
FY2021,mand_offsetting_receipts_gdp_share,-1.447
FY2022,mand_offsetting_receipts_gdp_share,-1.975
FY2023,mand_offsetting_receipts_gdp_share,-1.258
FY2024,mand_offsetting_receipts_gdp_share,-1.225
FY2025,mand_offsetting_receipts_gdp_share,-1.218
FY1962,mand_other,8.157
FY1963,mand_other,7.586
FY1964,mand_other,9.178
FY1965,mand_other,9.365
FY1966,mand_other,10.0
FY1967,mand_other,11.421
FY1968,mand_other,13.973
FY1969,mand_other,12.112
FY1970,mand_other,12.906
FY1971,mand_other,12.965
FY1972,mand_other,15.692
FY1973,mand_other,21.315
FY1974,mand_other,22.02
FY1975,mand_other,29.225
FY1976,mand_other,23.439
FY1977,mand_other,23.121
FY1978,mand_other,33.7
FY1979,mand_other,34.151
FY1980,mand_other,40.705
FY1981,mand_other,46.545
FY1982,mand_other,46.423
FY1983,mand_other,49.074
FY1984,mand_other,40.94
FY1985,mand_other,61.195
FY1986,mand_other,54.12
FY1987,mand_other,44.097
FY1988,mand_other,45.959
FY1989,mand_other,54.706
FY1990,mand_other,90.44
FY1991,mand_other,103.296
FY1992,mand_other,43.554
FY1993,mand_other,14.031
FY1994,mand_other,22.881
FY1995,mand_other,9.581
FY1996,mand_other,13.23
FY1997,mand_other,9.361
FY1998,mand_other,30.349
FY1999,mand_other,41.035
FY2000,mand_other,48.498
FY2001,mand_other,46.596
FY2002,mand_other,44.233
FY2003,mand_other,57.112
FY2004,mand_other,61.797
FY2005,mand_other,72.273
FY2006,mand_other,107.568
FY2007,mand_other,63.313
FY2008,mand_other,85.379
FY2009,mand_other,329.575
FY2010,mand_other,-11.501
FY2011,mand_other,62.485
FY2012,mand_other,131.685
FY2013,mand_other,112.112
FY2014,mand_other,82.987
FY2015,mand_other,141.724
FY2016,mand_other,123.292
FY2017,mand_other,198.953
FY2018,mand_other,162.81
FY2019,mand_other,202.305
FY2020,mand_other,1053.852
FY2021,mand_other,975.016
FY2022,mand_other,929.268
FY2023,mand_other,307.625
FY2024,mand_other,537.777
FY2025,mand_other,255.417
FY1962,mand_other_gdp_share,1.393
FY1963,mand_other_gdp_share,1.227
FY1964,mand_other_gdp_share,1.387
FY1965,mand_other_gdp_share,1.32
FY1966,mand_other_gdp_share,1.281
FY1967,mand_other_gdp_share,1.365
FY1968,mand_other_gdp_share,1.557
FY1969,mand_other_gdp_share,1.236
FY1970,mand_other_gdp_share,1.233
FY1971,mand_other_gdp_share,1.161
FY1972,mand_other_gdp_share,1.29
FY1973,mand_other_gdp_share,1.576
FY1974,mand_other_gdp_share,1.485
FY1975,mand_other_gdp_share,1.819
FY1976,mand_other_gdp_share,1.312
FY1977,mand_other_gdp_share,1.142
FY1978,mand_other_gdp_share,1.482
FY1979,mand_other_gdp_share,1.331
FY1980,mand_other_gdp_share,1.458
FY1981,mand_other_gdp_share,1.486
FY1982,mand_other_gdp_share,1.401
FY1983,mand_other_gdp_share,1.388
FY1984,mand_other_gdp_share,1.037
FY1985,mand_other_gdp_share,1.435
FY1986,mand_other_gdp_share,1.196
FY1987,mand_other_gdp_share,0.925
FY1988,mand_other_gdp_share,0.894
FY1989,mand_other_gdp_share,0.985
FY1990,mand_other_gdp_share,1.533
FY1991,mand_other_gdp_share,1.695
FY1992,mand_other_gdp_share,0.679
FY1993,mand_other_gdp_share,0.207
FY1994,mand_other_gdp_share,0.319
FY1995,mand_other_gdp_share,0.127
FY1996,mand_other_gdp_share,0.166
FY1997,mand_other_gdp_share,0.111
FY1998,mand_other_gdp_share,0.34
FY1999,mand_other_gdp_share,0.433
FY2000,mand_other_gdp_share,0.479
FY2001,mand_other_gdp_share,0.443
FY2002,mand_other_gdp_share,0.408
FY2003,mand_other_gdp_share,0.506
FY2004,mand_other_gdp_share,0.514
FY2005,mand_other_gdp_share,0.563
FY2006,mand_other_gdp_share,0.789
FY2007,mand_other_gdp_share,0.443
FY2008,mand_other_gdp_share,0.577
FY2009,mand_other_gdp_share,2.278
FY2010,mand_other_gdp_share,-0.077
FY2011,mand_other_gdp_share,0.404
FY2012,mand_other_gdp_share,0.817
FY2013,mand_other_gdp_share,0.672
FY2014,mand_other_gdp_share,0.476
FY2015,mand_other_gdp_share,0.78
FY2016,mand_other_gdp_share,0.661
FY2017,mand_other_gdp_share,1.027
FY2018,mand_other_gdp_share,0.797
FY2019,mand_other_gdp_share,0.95
FY2020,mand_other_gdp_share,4.939
FY2021,mand_other_gdp_share,4.231
FY2022,mand_other_gdp_share,3.635
FY2023,mand_other_gdp_share,1.123
FY2024,mand_other_gdp_share,1.858
FY2025,mand_other_gdp_share,0.841
FY1962,mand_social_security,14.047
FY1963,mand_social_security,15.456
FY1964,mand_social_security,16.247
FY1965,mand_social_security,17.078
FY1966,mand_social_security,20.257
FY1967,mand_social_security,21.292
FY1968,mand_social_security,23.293
FY1969,mand_social_security,26.699
FY1970,mand_social_security,29.647
FY1971,mand_social_security,35.13
FY1972,mand_social_security,39.363
FY1973,mand_social_security,48.176
FY1974,mand_social_security,54.989
FY1975,mand_social_security,63.557
FY1976,mand_social_security,72.699
FY1977,mand_social_security,83.691
FY1978,mand_social_security,92.448
FY1979,mand_social_security,102.594
FY1980,mand_social_security,117.053
FY1981,mand_social_security,137.881
FY1982,mand_social_security,153.916
FY1983,mand_social_security,168.513
FY1984,mand_social_security,176.052
FY1985,mand_social_security,186.432
FY1986,mand_social_security,196.547
FY1987,mand_social_security,205.072
FY1988,mand_social_security,216.808
FY1989,mand_social_security,230.395
FY1990,mand_social_security,246.495
FY1991,mand_social_security,266.765
FY1992,mand_social_security,285.167
FY1993,mand_social_security,301.985
FY1994,mand_social_security,316.913
FY1995,mand_social_security,333.273
FY1996,mand_social_security,347.051
FY1997,mand_social_security,362.296
FY1998,mand_social_security,376.119
FY1999,mand_social_security,386.991
FY2000,mand_social_security,406.048
FY2001,mand_social_security,429.368
FY2002,mand_social_security,452.073
FY2003,mand_social_security,470.453
FY2004,mand_social_security,491.537
FY2005,mand_social_security,518.712
FY2006,mand_social_security,543.911
FY2007,mand_social_security,581.442
FY2008,mand_social_security,612.11
FY2009,mand_social_security,677.726
FY2010,mand_social_security,700.752
FY2011,mand_social_security,724.923
FY2012,mand_social_security,767.714
FY2013,mand_social_security,807.841
FY2014,mand_social_security,844.876
FY2015,mand_social_security,881.891
FY2016,mand_social_security,910.282
FY2017,mand_social_security,939.204
FY2018,mand_social_security,982.015
FY2019,mand_social_security,1038.489
FY2020,mand_social_security,1089.889
FY2021,mand_social_security,1128.827
FY2022,mand_social_security,1212.487
FY2023,mand_social_security,1347.961
FY2024,mand_social_security,1454.382
FY2025,mand_social_security,1575.309
FY1962,mand_social_security_gdp_share,2.398
FY1963,mand_social_security_gdp_share,2.5
FY1964,mand_social_security_gdp_share,2.455
FY1965,mand_social_security_gdp_share,2.408
FY1966,mand_social_security_gdp_share,2.595
FY1967,mand_social_security_gdp_share,2.545
FY1968,mand_social_security_gdp_share,2.595
FY1969,mand_social_security_gdp_share,2.724
FY1970,mand_social_security_gdp_share,2.832
FY1971,mand_social_security_gdp_share,3.146
FY1972,mand_social_security_gdp_share,3.236
FY1973,mand_social_security_gdp_share,3.561
FY1974,mand_social_security_gdp_share,3.708
FY1975,mand_social_security_gdp_share,3.955
FY1976,mand_social_security_gdp_share,4.07
FY1977,mand_social_security_gdp_share,4.134
FY1978,mand_social_security_gdp_share,4.066
FY1979,mand_social_security_gdp_share,3.999
FY1980,mand_social_security_gdp_share,4.193
FY1981,mand_social_security_gdp_share,4.401
FY1982,mand_social_security_gdp_share,4.645
FY1983,mand_social_security_gdp_share,4.766
FY1984,mand_social_security_gdp_share,4.458
FY1985,mand_social_security_gdp_share,4.371
FY1986,mand_social_security_gdp_share,4.342
FY1987,mand_social_security_gdp_share,4.301
FY1988,mand_social_security_gdp_share,4.219
FY1989,mand_social_security_gdp_share,4.148
FY1990,mand_social_security_gdp_share,4.179
FY1991,mand_social_security_gdp_share,4.378
FY1992,mand_social_security_gdp_share,4.444
FY1993,mand_social_security_gdp_share,4.457
FY1994,mand_social_security_gdp_share,4.416
FY1995,mand_social_security_gdp_share,4.408
FY1996,mand_social_security_gdp_share,4.365
FY1997,mand_social_security_gdp_share,4.287
FY1998,mand_social_security_gdp_share,4.211
FY1999,mand_social_security_gdp_share,4.082
FY2000,mand_social_security_gdp_share,4.013
FY2001,mand_social_security_gdp_share,4.079
FY2002,mand_social_security_gdp_share,4.175
FY2003,mand_social_security_gdp_share,4.171
FY2004,mand_social_security_gdp_share,4.086
FY2005,mand_social_security_gdp_share,4.04
FY2006,mand_social_security_gdp_share,3.989
FY2007,mand_social_security_gdp_share,4.065
FY2008,mand_social_security_gdp_share,4.137
FY2009,mand_social_security_gdp_share,4.685
FY2010,mand_social_security_gdp_share,4.708
FY2011,mand_social_security_gdp_share,4.687
FY2012,mand_social_security_gdp_share,4.766
FY2013,mand_social_security_gdp_share,4.841
FY2014,mand_social_security_gdp_share,4.848
FY2015,mand_social_security_gdp_share,4.855
FY2016,mand_social_security_gdp_share,4.883
FY2017,mand_social_security_gdp_share,4.847
FY2018,mand_social_security_gdp_share,4.805
FY2019,mand_social_security_gdp_share,4.879
FY2020,mand_social_security_gdp_share,5.108
FY2021,mand_social_security_gdp_share,4.899
FY2022,mand_social_security_gdp_share,4.743
FY2023,mand_social_security_gdp_share,4.92
FY2024,mand_social_security_gdp_share,5.024
FY2025,mand_social_security_gdp_share,5.188
FY1962,mand_total,27.857
FY1963,mand_total,28.282
FY1964,mand_total,31.193
FY1965,mand_total,31.844
FY1966,mand_total,35.003
FY1967,mand_total,40.723
FY1968,mand_total,49.066
FY1969,mand_total,53.623
FY1970,mand_total,61.015
FY1971,mand_total,72.8
FY1972,mand_total,86.659
FY1973,mand_total,97.964
FY1974,mand_total,109.703
FY1975,mand_total,151.123
FY1976,mand_total,169.488
FY1977,mand_total,182.244
FY1978,mand_total,204.578
FY1979,mand_total,221.397
FY1980,mand_total,262.084
FY1981,mand_total,301.562
FY1982,mand_total,334.759
FY1983,mand_total,365.246
FY1984,mand_total,361.256
FY1985,mand_total,401.073
FY1986,mand_total,415.845
FY1987,mand_total,421.245
FY1988,mand_total,448.195
FY1989,mand_total,485.93
FY1990,mand_total,568.068
FY1991,mand_total,596.5
FY1992,mand_total,648.382
FY1993,mand_total,670.92
FY1994,mand_total,717.48
FY1995,mand_total,738.847
FY1996,mand_total,786.698
FY1997,mand_total,810.095
FY1998,mand_total,859.345
FY1999,mand_total,899.974
FY2000,mand_total,951.375
FY2001,mand_total,1007.638
FY2002,mand_total,1105.995
FY2003,mand_total,1182.487
FY2004,mand_total,1237.531
FY2005,mand_total,1319.43
FY2006,mand_total,1411.823
FY2007,mand_total,1449.987
FY2008,mand_total,1594.903
FY2009,mand_total,2093.241
FY2010,mand_total,1913.724
FY2011,mand_total,2025.967
FY2012,mand_total,2030.451
FY2013,mand_total,2031.635
FY2014,mand_total,2098.462
FY2015,mand_total,2296.529
FY2016,mand_total,2427.328
FY2017,mand_total,2518.774
FY2018,mand_total,2522.49
FY2019,mand_total,2733.795
FY2020,mand_total,4580.268
FY2021,mand_total,4833.716
FY2022,mand_total,4132.823
FY2023,mand_total,3758.276
FY2024,mand_total,4060.781
FY2025,mand_total,4167.623
FY1962,mand_total_gdp_share,4.756
FY1963,mand_total_gdp_share,4.575
FY1964,mand_total_gdp_share,4.714
FY1965,mand_total_gdp_share,4.489
FY1966,mand_total_gdp_share,4.485
FY1967,mand_total_gdp_share,4.868
FY1968,mand_total_gdp_share,5.467
FY1969,mand_total_gdp_share,5.47
FY1970,mand_total_gdp_share,5.829
FY1971,mand_total_gdp_share,6.52
FY1972,mand_total_gdp_share,7.125
FY1973,mand_total_gdp_share,7.242
FY1974,mand_total_gdp_share,7.398
FY1975,mand_total_gdp_share,9.404
FY1976,mand_total_gdp_share,9.489
FY1977,mand_total_gdp_share,9.003
FY1978,mand_total_gdp_share,8.999
FY1979,mand_total_gdp_share,8.63
FY1980,mand_total_gdp_share,9.387
FY1981,mand_total_gdp_share,9.625
FY1982,mand_total_gdp_share,10.103
FY1983,mand_total_gdp_share,10.329
FY1984,mand_total_gdp_share,9.148
FY1985,mand_total_gdp_share,9.404
FY1986,mand_total_gdp_share,9.187
FY1987,mand_total_gdp_share,8.835
FY1988,mand_total_gdp_share,8.722
FY1989,mand_total_gdp_share,8.748
FY1990,mand_total_gdp_share,9.63
FY1991,mand_total_gdp_share,9.79
FY1992,mand_total_gdp_share,10.105
FY1993,mand_total_gdp_share,9.902
FY1994,mand_total_gdp_share,9.997
FY1995,mand_total_gdp_share,9.773
FY1996,mand_total_gdp_share,9.894
FY1997,mand_total_gdp_share,9.586
FY1998,mand_total_gdp_share,9.622
FY1999,mand_total_gdp_share,9.494
FY2000,mand_total_gdp_share,9.404
FY2001,mand_total_gdp_share,9.573
FY2002,mand_total_gdp_share,10.213
FY2003,mand_total_gdp_share,10.484
FY2004,mand_total_gdp_share,10.288
FY2005,mand_total_gdp_share,10.276
FY2006,mand_total_gdp_share,10.353
FY2007,mand_total_gdp_share,10.136
FY2008,mand_total_gdp_share,10.779
FY2009,mand_total_gdp_share,14.469
FY2010,mand_total_gdp_share,12.857
FY2011,mand_total_gdp_share,13.099
FY2012,mand_total_gdp_share,12.604
FY2013,mand_total_gdp_share,12.174
FY2014,mand_total_gdp_share,12.041
FY2015,mand_total_gdp_share,12.643
FY2016,mand_total_gdp_share,13.021
FY2017,mand_total_gdp_share,13.0
FY2018,mand_total_gdp_share,12.343
FY2019,mand_total_gdp_share,12.843
FY2020,mand_total_gdp_share,21.467
FY2021,mand_total_gdp_share,20.976
FY2022,mand_total_gdp_share,16.166
FY2023,mand_total_gdp_share,13.717
FY2024,mand_total_gdp_share,14.028
FY2025,mand_total_gdp_share,13.726
FY1962,mand_veterans,4.635
FY1963,mand_veterans,4.807
FY1964,mand_veterans,4.727
FY1965,mand_veterans,4.758
FY1966,mand_veterans,4.707
FY1967,mand_veterans,5.38
FY1968,mand_veterans,5.623
FY1969,mand_veterans,6.169
FY1970,mand_veterans,7.024
FY1971,mand_veterans,8.104
FY1972,mand_veterans,8.775
FY1973,mand_veterans,9.84
FY1974,mand_veterans,10.528
FY1975,mand_veterans,12.905
FY1976,mand_veterans,14.408
FY1977,mand_veterans,13.407
FY1978,mand_veterans,13.58
FY1979,mand_veterans,14.069
FY1980,mand_veterans,14.618
FY1981,mand_veterans,15.826
FY1982,mand_veterans,16.272
FY1983,mand_veterans,16.515
FY1984,mand_veterans,16.387
FY1985,mand_veterans,16.451
FY1986,mand_veterans,16.657
FY1987,mand_veterans,16.487
FY1988,mand_veterans,17.631
FY1989,mand_veterans,17.987
FY1990,mand_veterans,16.469
FY1991,mand_veterans,18.271
FY1992,mand_veterans,19.465
FY1993,mand_veterans,20.294
FY1994,mand_veterans,21.462
FY1995,mand_veterans,21.296
FY1996,mand_veterans,20.048
FY1997,mand_veterans,21.768
FY1998,mand_veterans,23.778
FY1999,mand_veterans,24.734
FY2000,mand_veterans,27.058
FY2001,mand_veterans,23.35
FY2002,mand_veterans,27.862
FY2003,mand_veterans,31.754
FY2004,mand_veterans,31.821
FY2005,mand_veterans,40.296
FY2006,mand_veterans,38.319
FY2007,mand_veterans,38.394
FY2008,mand_veterans,44.484
FY2009,mand_veterans,49.574
FY2010,mand_veterans,58.263
FY2011,mand_veterans,71.01
FY2012,mand_veterans,67.976
FY2013,mand_veterans,80.38
FY2014,mand_veterans,86.716
FY2015,mand_veterans,92.435
FY2016,mand_veterans,106.519
FY2017,mand_veterans,105.0
FY2018,mand_veterans,101.352
FY2019,mand_veterans,115.023
FY2020,mand_veterans,121.788
FY2021,mand_veterans,125.078
FY2022,mand_veterans,161.366
FY2023,mand_veterans,170.416
FY2024,mand_veterans,191.799
FY2025,mand_veterans,251.272
FY1962,mand_veterans_gdp_share,0.791
FY1963,mand_veterans_gdp_share,0.778
FY1964,mand_veterans_gdp_share,0.714
FY1965,mand_veterans_gdp_share,0.671
FY1966,mand_veterans_gdp_share,0.603
FY1967,mand_veterans_gdp_share,0.643
FY1968,mand_veterans_gdp_share,0.626
FY1969,mand_veterans_gdp_share,0.629
FY1970,mand_veterans_gdp_share,0.671
FY1971,mand_veterans_gdp_share,0.726
FY1972,mand_veterans_gdp_share,0.721
FY1973,mand_veterans_gdp_share,0.727
FY1974,mand_veterans_gdp_share,0.71
FY1975,mand_veterans_gdp_share,0.803
FY1976,mand_veterans_gdp_share,0.807
FY1977,mand_veterans_gdp_share,0.662
FY1978,mand_veterans_gdp_share,0.597
FY1979,mand_veterans_gdp_share,0.548
FY1980,mand_veterans_gdp_share,0.524
FY1981,mand_veterans_gdp_share,0.505
FY1982,mand_veterans_gdp_share,0.491
FY1983,mand_veterans_gdp_share,0.467
FY1984,mand_veterans_gdp_share,0.415
FY1985,mand_veterans_gdp_share,0.386
FY1986,mand_veterans_gdp_share,0.368
FY1987,mand_veterans_gdp_share,0.346
FY1988,mand_veterans_gdp_share,0.343
FY1989,mand_veterans_gdp_share,0.324
FY1990,mand_veterans_gdp_share,0.279
FY1991,mand_veterans_gdp_share,0.3
FY1992,mand_veterans_gdp_share,0.303
FY1993,mand_veterans_gdp_share,0.3
FY1994,mand_veterans_gdp_share,0.299
FY1995,mand_veterans_gdp_share,0.282
FY1996,mand_veterans_gdp_share,0.252
FY1997,mand_veterans_gdp_share,0.258
FY1998,mand_veterans_gdp_share,0.266
FY1999,mand_veterans_gdp_share,0.261
FY2000,mand_veterans_gdp_share,0.267
FY2001,mand_veterans_gdp_share,0.222
FY2002,mand_veterans_gdp_share,0.257
FY2003,mand_veterans_gdp_share,0.282
FY2004,mand_veterans_gdp_share,0.265
FY2005,mand_veterans_gdp_share,0.314
FY2006,mand_veterans_gdp_share,0.281
FY2007,mand_veterans_gdp_share,0.268
FY2008,mand_veterans_gdp_share,0.301
FY2009,mand_veterans_gdp_share,0.343
FY2010,mand_veterans_gdp_share,0.391
FY2011,mand_veterans_gdp_share,0.459
FY2012,mand_veterans_gdp_share,0.422
FY2013,mand_veterans_gdp_share,0.482
FY2014,mand_veterans_gdp_share,0.498
FY2015,mand_veterans_gdp_share,0.509
FY2016,mand_veterans_gdp_share,0.571
FY2017,mand_veterans_gdp_share,0.542
FY2018,mand_veterans_gdp_share,0.496
FY2019,mand_veterans_gdp_share,0.54
FY2020,mand_veterans_gdp_share,0.571
FY2021,mand_veterans_gdp_share,0.543
FY2022,mand_veterans_gdp_share,0.631
FY2023,mand_veterans_gdp_share,0.622
FY2024,mand_veterans_gdp_share,0.663
FY2025,mand_veterans_gdp_share,0.828
FY1962,outlays,106.821
FY1963,outlays,111.316
FY1964,outlays,118.528
FY1965,outlays,118.228
FY1966,outlays,134.532
FY1967,outlays,157.464
FY1968,outlays,178.134
FY1969,outlays,183.64
FY1970,outlays,195.649
FY1971,outlays,210.172
FY1972,outlays,230.681
FY1973,outlays,245.707
FY1974,outlays,269.359
FY1975,outlays,332.332
FY1976,outlays,371.792
FY1977,outlays,409.218
FY1978,outlays,458.746
FY1979,outlays,504.028
FY1980,outlays,590.941
FY1981,outlays,678.241
FY1982,outlays,745.743
FY1983,outlays,808.364
FY1984,outlays,851.805
FY1985,outlays,946.344
FY1986,outlays,990.382
FY1987,outlays,1004.017
FY1988,outlays,1064.416
FY1989,outlays,1143.743
FY1990,outlays,1252.993
FY1991,outlays,1324.226
FY1992,outlays,1381.529
FY1993,outlays,1409.386
FY1994,outlays,1461.752
FY1995,outlays,1515.742
FY1996,outlays,1560.484
FY1997,outlays,1601.116
FY1998,outlays,1652.458
FY1999,outlays,1701.842
FY2000,outlays,1788.95
FY2001,outlays,1862.846
FY2002,outlays,2010.894
FY2003,outlays,2159.899
FY2004,outlays,2292.841
FY2005,outlays,2471.957
FY2006,outlays,2655.05
FY2007,outlays,2728.686
FY2008,outlays,2982.544
FY2009,outlays,3517.677
FY2010,outlays,3457.079
FY2011,outlays,3603.065
FY2012,outlays,3526.563
FY2013,outlays,3454.881
FY2014,outlays,3506.284
FY2015,outlays,3691.85
FY2016,outlays,3852.615
FY2017,outlays,3981.634
FY2018,outlays,4108.981
FY2019,outlays,4446.952
FY2020,outlays,6553.62
FY2021,outlays,6822.461
FY2022,outlays,6273.261
FY2023,outlays,6134.673
FY2024,outlays,6750.856
FY2025,outlays,7009.986
FY1962,outlays_discretionary,72.075
FY1963,outlays_discretionary,75.294
FY1964,outlays_discretionary,79.136
FY1965,outlays_discretionary,77.793
FY1966,outlays_discretionary,90.143
FY1967,outlays_discretionary,106.473
FY1968,outlays_discretionary,117.978
FY1969,outlays_discretionary,117.318
FY1970,outlays_discretionary,120.254
FY1971,outlays_discretionary,122.531
FY1972,outlays_discretionary,128.544
FY1973,outlays_discretionary,130.394
FY1974,outlays_discretionary,138.207
FY1975,outlays_discretionary,157.965
FY1976,outlays_discretionary,175.577
FY1977,outlays_discretionary,197.073
FY1978,outlays_discretionary,218.71
FY1979,outlays_discretionary,239.998
FY1980,outlays_discretionary,276.324
FY1981,outlays_discretionary,307.913
FY1982,outlays_discretionary,325.952
FY1983,outlays_discretionary,353.31
FY1984,outlays_discretionary,379.447
FY1985,outlays_discretionary,415.793
FY1986,outlays_discretionary,438.52
FY1987,outlays_discretionary,444.161
FY1988,outlays_discretionary,464.418
FY1989,outlays_discretionary,488.832
FY1990,outlays_discretionary,500.578
FY1991,outlays_discretionary,533.278
FY1992,outlays_discretionary,533.803
FY1993,outlays_discretionary,539.753
FY1994,outlays_discretionary,541.34
FY1995,outlays_discretionary,544.761
FY1996,outlays_discretionary,532.733
FY1997,outlays_discretionary,547.037
FY1998,outlays_discretionary,551.995
FY1999,outlays_discretionary,572.113
FY2000,outlays_discretionary,614.626
FY2001,outlays_discretionary,649.041
FY2002,outlays_discretionary,733.95
FY2003,outlays_discretionary,824.339
FY2004,outlays_discretionary,895.065
FY2005,outlays_discretionary,968.541
FY2006,outlays_discretionary,1016.624
FY2007,outlays_discretionary,1041.59
FY2008,outlays_discretionary,1134.884
FY2009,outlays_discretionary,1237.534
FY2010,outlays_discretionary,1347.161
FY2011,outlays_discretionary,1347.136
FY2012,outlays_discretionary,1275.704
FY2013,outlays_discretionary,1202.361
FY2014,outlays_discretionary,1178.866
FY2015,outlays_discretionary,1172.14
FY2016,outlays_discretionary,1185.254
FY2017,outlays_discretionary,1200.309
FY2018,outlays_discretionary,1261.516
FY2019,outlays_discretionary,1337.999
FY2020,outlays_discretionary,1627.882
FY2021,outlays_discretionary,1636.407
FY2022,outlays_discretionary,1664.551
FY2023,outlays_discretionary,1718.13
FY2024,outlays_discretionary,1810.196
FY2025,outlays_discretionary,1872.425
FY1962,outlays_discretionary_gdp_share,12.306
FY1963,outlays_discretionary_gdp_share,12.18
FY1964,outlays_discretionary_gdp_share,11.959
FY1965,outlays_discretionary_gdp_share,10.967
FY1966,outlays_discretionary_gdp_share,11.55
FY1967,outlays_discretionary_gdp_share,12.728
FY1968,outlays_discretionary_gdp_share,13.144
FY1969,outlays_discretionary_gdp_share,11.968
FY1970,outlays_discretionary_gdp_share,11.489
FY1971,outlays_discretionary_gdp_share,10.974
FY1972,outlays_discretionary_gdp_share,10.569
FY1973,outlays_discretionary_gdp_share,9.639
FY1974,outlays_discretionary_gdp_share,9.32
FY1975,outlays_discretionary_gdp_share,9.83
FY1976,outlays_discretionary_gdp_share,9.83
FY1977,outlays_discretionary_gdp_share,9.735
FY1978,outlays_discretionary_gdp_share,9.62
FY1979,outlays_discretionary_gdp_share,9.355
FY1980,outlays_discretionary_gdp_share,9.897
FY1981,outlays_discretionary_gdp_share,9.827
FY1982,outlays_discretionary_gdp_share,9.838
FY1983,outlays_discretionary_gdp_share,9.992
FY1984,outlays_discretionary_gdp_share,9.608
FY1985,outlays_discretionary_gdp_share,9.749
FY1986,outlays_discretionary_gdp_share,9.688
FY1987,outlays_discretionary_gdp_share,9.316
FY1988,outlays_discretionary_gdp_share,9.038
FY1989,outlays_discretionary_gdp_share,8.8
FY1990,outlays_discretionary_gdp_share,8.486
FY1991,outlays_discretionary_gdp_share,8.752
FY1992,outlays_discretionary_gdp_share,8.32
FY1993,outlays_discretionary_gdp_share,7.966
FY1994,outlays_discretionary_gdp_share,7.543
FY1995,outlays_discretionary_gdp_share,7.205
FY1996,outlays_discretionary_gdp_share,6.7
FY1997,outlays_discretionary_gdp_share,6.473
FY1998,outlays_discretionary_gdp_share,6.181
FY1999,outlays_discretionary_gdp_share,6.035
FY2000,outlays_discretionary_gdp_share,6.075
FY2001,outlays_discretionary_gdp_share,6.166
FY2002,outlays_discretionary_gdp_share,6.778
FY2003,outlays_discretionary_gdp_share,7.309
FY2004,outlays_discretionary_gdp_share,7.441
FY2005,outlays_discretionary_gdp_share,7.543
FY2006,outlays_discretionary_gdp_share,7.455
FY2007,outlays_discretionary_gdp_share,7.281
FY2008,outlays_discretionary_gdp_share,7.67
FY2009,outlays_discretionary_gdp_share,8.554
FY2010,outlays_discretionary_gdp_share,9.051
FY2011,outlays_discretionary_gdp_share,8.71
FY2012,outlays_discretionary_gdp_share,7.919
FY2013,outlays_discretionary_gdp_share,7.205
FY2014,outlays_discretionary_gdp_share,6.764
FY2015,outlays_discretionary_gdp_share,6.453
FY2016,outlays_discretionary_gdp_share,6.358
FY2017,outlays_discretionary_gdp_share,6.195
FY2018,outlays_discretionary_gdp_share,6.173
FY2019,outlays_discretionary_gdp_share,6.286
FY2020,outlays_discretionary_gdp_share,7.629
FY2021,outlays_discretionary_gdp_share,7.101
FY2022,outlays_discretionary_gdp_share,6.511
FY2023,outlays_discretionary_gdp_share,6.271
FY2024,outlays_discretionary_gdp_share,6.253
FY2025,outlays_discretionary_gdp_share,6.167
FY1962,outlays_gdp_share,18.239
FY1963,outlays_gdp_share,18.006
FY1964,outlays_gdp_share,17.913
FY1965,outlays_gdp_share,16.668
FY1966,outlays_gdp_share,17.237
FY1967,outlays_gdp_share,18.824
FY1968,outlays_gdp_share,19.846
FY1969,outlays_gdp_share,18.734
FY1970,outlays_gdp_share,18.692
FY1971,outlays_gdp_share,18.823
FY1972,outlays_gdp_share,18.967
FY1973,outlays_gdp_share,18.164
FY1974,outlays_gdp_share,18.165
FY1975,outlays_gdp_share,20.681
FY1976,outlays_gdp_share,20.816
FY1977,outlays_gdp_share,20.215
FY1978,outlays_gdp_share,20.178
FY1979,outlays_gdp_share,19.646
FY1980,outlays_gdp_share,21.166
FY1981,outlays_gdp_share,21.647
FY1982,outlays_gdp_share,22.507
FY1983,outlays_gdp_share,22.861
FY1984,outlays_gdp_share,21.569
FY1985,outlays_gdp_share,22.188
FY1986,outlays_gdp_share,21.881
FY1987,outlays_gdp_share,21.059
FY1988,outlays_gdp_share,20.714
FY1989,outlays_gdp_share,20.591
FY1990,outlays_gdp_share,21.242
FY1991,outlays_gdp_share,21.733
FY1992,outlays_gdp_share,21.532
FY1993,outlays_gdp_share,20.802
FY1994,outlays_gdp_share,20.368
FY1995,outlays_gdp_share,20.048
FY1996,outlays_gdp_share,19.625
FY1997,outlays_gdp_share,18.946
FY1998,outlays_gdp_share,18.503
FY1999,outlays_gdp_share,17.953
FY2000,outlays_gdp_share,17.682
FY2001,outlays_gdp_share,17.698
FY2002,outlays_gdp_share,18.57
FY2003,outlays_gdp_share,19.15
FY2004,outlays_gdp_share,19.062
FY2005,outlays_gdp_share,19.252
FY2006,outlays_gdp_share,19.47
FY2007,outlays_gdp_share,19.075
FY2008,outlays_gdp_share,20.157
FY2009,outlays_gdp_share,24.315
FY2010,outlays_gdp_share,23.226
FY2011,outlays_gdp_share,23.296
FY2012,outlays_gdp_share,21.891
FY2013,outlays_gdp_share,20.703
FY2014,outlays_gdp_share,20.119
FY2015,outlays_gdp_share,20.325
FY2016,outlays_gdp_share,20.667
FY2017,outlays_gdp_share,20.55
FY2018,outlays_gdp_share,20.106
FY2019,outlays_gdp_share,20.891
FY2020,outlays_gdp_share,30.715
FY2021,outlays_gdp_share,29.606
FY2022,outlays_gdp_share,24.538
FY2023,outlays_gdp_share,22.391
FY2024,outlays_gdp_share,23.321
FY2025,outlays_gdp_share,23.088
FY1962,outlays_mandatory_programmatic,35.049
FY1963,outlays_mandatory_programmatic,36.752
FY1964,outlays_mandatory_programmatic,39.33
FY1965,outlays_mandatory_programmatic,40.022
FY1966,outlays_mandatory_programmatic,44.316
FY1967,outlays_mandatory_programmatic,51.496
FY1968,outlays_mandatory_programmatic,60.131
FY1969,outlays_mandatory_programmatic,64.943
FY1970,outlays_mandatory_programmatic,72.912
FY1971,outlays_mandatory_programmatic,87.18
FY1972,outlays_mandatory_programmatic,101.083
FY1973,outlays_mandatory_programmatic,116.553
FY1974,outlays_mandatory_programmatic,132.493
FY1975,outlays_mandatory_programmatic,170.841
FY1976,outlays_mandatory_programmatic,189.66
FY1977,outlays_mandatory_programmatic,203.773
FY1978,outlays_mandatory_programmatic,227.305
FY1979,outlays_mandatory_programmatic,246.951
FY1980,outlays_mandatory_programmatic,292.078
FY1981,outlays_mandatory_programmatic,340.569
FY1982,outlays_mandatory_programmatic,371.953
FY1983,outlays_mandatory_programmatic,410.864
FY1984,outlays_mandatory_programmatic,406.22
FY1985,outlays_mandatory_programmatic,449.422
FY1986,outlays_mandatory_programmatic,463.615
FY1987,outlays_mandatory_programmatic,474.07
FY1988,outlays_mandatory_programmatic,503.52
FY1989,outlays_mandatory_programmatic,544.143
FY1990,outlays_mandatory_programmatic,625.606
FY1991,outlays_mandatory_programmatic,701.957
FY1992,outlays_mandatory_programmatic,717.69
FY1993,outlays_mandatory_programmatic,736.818
FY1994,outlays_mandatory_programmatic,785.982
FY1995,outlays_mandatory_programmatic,817.507
FY1996,outlays_mandatory_programmatic,857.667
FY1997,outlays_mandatory_programmatic,895.523
FY1998,outlays_mandatory_programmatic,942.892
FY1999,outlays_mandatory_programmatic,979.484
FY2000,outlays_mandatory_programmatic,1032.489
FY2001,outlays_mandatory_programmatic,1096.972
FY2002,outlays_mandatory_programmatic,1196.42
FY2003,outlays_mandatory_programmatic,1283.476
FY2004,outlays_mandatory_programmatic,1346.436
FY2005,outlays_mandatory_programmatic,1448.103
FY2006,outlays_mandatory_programmatic,1556.135
FY2007,outlays_mandatory_programmatic,1627.916
FY2008,outlays_mandatory_programmatic,1780.331
FY2009,outlays_mandatory_programmatic,2287.821
FY2010,outlays_mandatory_programmatic,2110.203
FY2011,outlays_mandatory_programmatic,2234.825
FY2012,outlays_mandatory_programmatic,2258.699
FY2013,outlays_mandatory_programmatic,2336.313
FY2014,outlays_mandatory_programmatic,2375.768
FY2015,outlays_mandatory_programmatic,2554.895
FY2016,outlays_mandatory_programmatic,2664.892
FY2017,outlays_mandatory_programmatic,2772.221
FY2018,outlays_mandatory_programmatic,2782.137
FY2019,outlays_mandatory_programmatic,3009.779
FY2020,outlays_mandatory_programmatic,4858.091
FY2021,outlays_mandatory_programmatic,5167.078
FY2022,outlays_mandatory_programmatic,4637.851
FY2023,outlays_mandatory_programmatic,4102.875
FY2024,outlays_mandatory_programmatic,4415.432
FY2025,outlays_mandatory_programmatic,4537.46
FY1962,outlays_mandatory_programmatic_gdp_share,5.984
FY1963,outlays_mandatory_programmatic_gdp_share,5.945
FY1964,outlays_mandatory_programmatic_gdp_share,5.944
FY1965,outlays_mandatory_programmatic_gdp_share,5.642
FY1966,outlays_mandatory_programmatic_gdp_share,5.678
FY1967,outlays_mandatory_programmatic_gdp_share,6.156
FY1968,outlays_mandatory_programmatic_gdp_share,6.699
FY1969,outlays_mandatory_programmatic_gdp_share,6.625
FY1970,outlays_mandatory_programmatic_gdp_share,6.966
FY1971,outlays_mandatory_programmatic_gdp_share,7.808
FY1972,outlays_mandatory_programmatic_gdp_share,8.311
FY1973,outlays_mandatory_programmatic_gdp_share,8.616
FY1974,outlays_mandatory_programmatic_gdp_share,8.935
FY1975,outlays_mandatory_programmatic_gdp_share,10.632
FY1976,outlays_mandatory_programmatic_gdp_share,10.619
FY1977,outlays_mandatory_programmatic_gdp_share,10.066
FY1978,outlays_mandatory_programmatic_gdp_share,9.998
FY1979,outlays_mandatory_programmatic_gdp_share,9.626
FY1980,outlays_mandatory_programmatic_gdp_share,10.462
FY1981,outlays_mandatory_programmatic_gdp_share,10.87
FY1982,outlays_mandatory_programmatic_gdp_share,11.226
FY1983,outlays_mandatory_programmatic_gdp_share,11.619
FY1984,outlays_mandatory_programmatic_gdp_share,10.286
FY1985,outlays_mandatory_programmatic_gdp_share,10.537
FY1986,outlays_mandatory_programmatic_gdp_share,10.243
FY1987,outlays_mandatory_programmatic_gdp_share,9.943
FY1988,outlays_mandatory_programmatic_gdp_share,9.799
FY1989,outlays_mandatory_programmatic_gdp_share,9.796
FY1990,outlays_mandatory_programmatic_gdp_share,10.606
FY1991,outlays_mandatory_programmatic_gdp_share,11.52
FY1992,outlays_mandatory_programmatic_gdp_share,11.186
FY1993,outlays_mandatory_programmatic_gdp_share,10.875
FY1994,outlays_mandatory_programmatic_gdp_share,10.952
FY1995,outlays_mandatory_programmatic_gdp_share,10.813
FY1996,outlays_mandatory_programmatic_gdp_share,10.786
FY1997,outlays_mandatory_programmatic_gdp_share,10.597
FY1998,outlays_mandatory_programmatic_gdp_share,10.558
FY1999,outlays_mandatory_programmatic_gdp_share,10.333
FY2000,outlays_mandatory_programmatic_gdp_share,10.205
FY2001,outlays_mandatory_programmatic_gdp_share,10.422
FY2002,outlays_mandatory_programmatic_gdp_share,11.048
FY2003,outlays_mandatory_programmatic_gdp_share,11.38
FY2004,outlays_mandatory_programmatic_gdp_share,11.194
FY2005,outlays_mandatory_programmatic_gdp_share,11.278
FY2006,outlays_mandatory_programmatic_gdp_share,11.411
FY2007,outlays_mandatory_programmatic_gdp_share,11.38
FY2008,outlays_mandatory_programmatic_gdp_share,12.032
FY2009,outlays_mandatory_programmatic_gdp_share,15.814
FY2010,outlays_mandatory_programmatic_gdp_share,14.177
FY2011,outlays_mandatory_programmatic_gdp_share,14.449
FY2012,outlays_mandatory_programmatic_gdp_share,14.021
FY2013,outlays_mandatory_programmatic_gdp_share,14.0
FY2014,outlays_mandatory_programmatic_gdp_share,13.632
FY2015,outlays_mandatory_programmatic_gdp_share,14.066
FY2016,outlays_mandatory_programmatic_gdp_share,14.296
FY2017,outlays_mandatory_programmatic_gdp_share,14.308
FY2018,outlays_mandatory_programmatic_gdp_share,13.614
FY2019,outlays_mandatory_programmatic_gdp_share,14.14
FY2020,outlays_mandatory_programmatic_gdp_share,22.769
FY2021,outlays_mandatory_programmatic_gdp_share,22.423
FY2022,outlays_mandatory_programmatic_gdp_share,18.141
FY2023,outlays_mandatory_programmatic_gdp_share,14.975
FY2024,outlays_mandatory_programmatic_gdp_share,15.253
FY2025,outlays_mandatory_programmatic_gdp_share,14.945
FY1962,outlays_net_interest,6.889
FY1963,outlays_net_interest,7.74
FY1964,outlays_net_interest,8.199
FY1965,outlays_net_interest,8.591
FY1966,outlays_net_interest,9.386
FY1967,outlays_net_interest,10.268
FY1968,outlays_net_interest,11.09
FY1969,outlays_net_interest,12.699
FY1970,outlays_net_interest,14.38
FY1971,outlays_net_interest,14.841
FY1972,outlays_net_interest,15.478
FY1973,outlays_net_interest,17.349
FY1974,outlays_net_interest,21.449
FY1975,outlays_net_interest,23.244
FY1976,outlays_net_interest,26.727
FY1977,outlays_net_interest,29.901
FY1978,outlays_net_interest,35.458
FY1979,outlays_net_interest,42.633
FY1980,outlays_net_interest,52.533
FY1981,outlays_net_interest,68.766
FY1982,outlays_net_interest,85.032
FY1983,outlays_net_interest,89.808
FY1984,outlays_net_interest,111.102
FY1985,outlays_net_interest,129.478
FY1986,outlays_net_interest,136.017
FY1987,outlays_net_interest,138.611
FY1988,outlays_net_interest,151.803
FY1989,outlays_net_interest,168.981
FY1990,outlays_net_interest,184.347
FY1991,outlays_net_interest,194.448
FY1992,outlays_net_interest,199.344
FY1993,outlays_net_interest,198.713
FY1994,outlays_net_interest,202.932
FY1995,outlays_net_interest,232.134
FY1996,outlays_net_interest,241.053
FY1997,outlays_net_interest,243.984
FY1998,outlays_net_interest,241.118
FY1999,outlays_net_interest,229.755
FY2000,outlays_net_interest,222.949
FY2001,outlays_net_interest,206.167
FY2002,outlays_net_interest,170.949
FY2003,outlays_net_interest,153.073
FY2004,outlays_net_interest,160.245
FY2005,outlays_net_interest,183.986
FY2006,outlays_net_interest,226.603
FY2007,outlays_net_interest,237.109
FY2008,outlays_net_interest,252.757
FY2009,outlays_net_interest,186.902
FY2010,outlays_net_interest,196.194
FY2011,outlays_net_interest,229.962
FY2012,outlays_net_interest,220.408
FY2013,outlays_net_interest,220.885
FY2014,outlays_net_interest,228.956
FY2015,outlays_net_interest,223.181
FY2016,outlays_net_interest,240.033
FY2017,outlays_net_interest,262.551
FY2018,outlays_net_interest,324.975
FY2019,outlays_net_interest,375.158
FY2020,outlays_net_interest,345.47
FY2021,outlays_net_interest,352.338
FY2022,outlays_net_interest,475.887
FY2023,outlays_net_interest,658.267
FY2024,outlays_net_interest,879.879
FY2025,outlays_net_interest,969.938
FY1962,outlays_net_interest_gdp_share,1.176
FY1963,outlays_net_interest_gdp_share,1.252
FY1964,outlays_net_interest_gdp_share,1.239
FY1965,outlays_net_interest_gdp_share,1.211
FY1966,outlays_net_interest_gdp_share,1.203
FY1967,outlays_net_interest_gdp_share,1.227
FY1968,outlays_net_interest_gdp_share,1.236
FY1969,outlays_net_interest_gdp_share,1.295
FY1970,outlays_net_interest_gdp_share,1.374
FY1971,outlays_net_interest_gdp_share,1.329
FY1972,outlays_net_interest_gdp_share,1.273
FY1973,outlays_net_interest_gdp_share,1.283
FY1974,outlays_net_interest_gdp_share,1.446
FY1975,outlays_net_interest_gdp_share,1.446
FY1976,outlays_net_interest_gdp_share,1.496
FY1977,outlays_net_interest_gdp_share,1.477
FY1978,outlays_net_interest_gdp_share,1.56
FY1979,outlays_net_interest_gdp_share,1.662
FY1980,outlays_net_interest_gdp_share,1.882
FY1981,outlays_net_interest_gdp_share,2.195
FY1982,outlays_net_interest_gdp_share,2.566
FY1983,outlays_net_interest_gdp_share,2.54
FY1984,outlays_net_interest_gdp_share,2.813
FY1985,outlays_net_interest_gdp_share,3.036
FY1986,outlays_net_interest_gdp_share,3.005
FY1987,outlays_net_interest_gdp_share,2.907
FY1988,outlays_net_interest_gdp_share,2.954
FY1989,outlays_net_interest_gdp_share,3.042
FY1990,outlays_net_interest_gdp_share,3.125
FY1991,outlays_net_interest_gdp_share,3.191
FY1992,outlays_net_interest_gdp_share,3.107
FY1993,outlays_net_interest_gdp_share,2.933
FY1994,outlays_net_interest_gdp_share,2.828
FY1995,outlays_net_interest_gdp_share,3.07
FY1996,outlays_net_interest_gdp_share,3.032
FY1997,outlays_net_interest_gdp_share,2.887
FY1998,outlays_net_interest_gdp_share,2.7
FY1999,outlays_net_interest_gdp_share,2.424
FY2000,outlays_net_interest_gdp_share,2.204
FY2001,outlays_net_interest_gdp_share,1.959
FY2002,outlays_net_interest_gdp_share,1.579
FY2003,outlays_net_interest_gdp_share,1.357
FY2004,outlays_net_interest_gdp_share,1.332
FY2005,outlays_net_interest_gdp_share,1.433
FY2006,outlays_net_interest_gdp_share,1.662
FY2007,outlays_net_interest_gdp_share,1.657
FY2008,outlays_net_interest_gdp_share,1.708
FY2009,outlays_net_interest_gdp_share,1.292
FY2010,outlays_net_interest_gdp_share,1.318
FY2011,outlays_net_interest_gdp_share,1.487
FY2012,outlays_net_interest_gdp_share,1.368
FY2013,outlays_net_interest_gdp_share,1.324
FY2014,outlays_net_interest_gdp_share,1.314
FY2015,outlays_net_interest_gdp_share,1.229
FY2016,outlays_net_interest_gdp_share,1.288
FY2017,outlays_net_interest_gdp_share,1.355
FY2018,outlays_net_interest_gdp_share,1.59
FY2019,outlays_net_interest_gdp_share,1.762
FY2020,outlays_net_interest_gdp_share,1.619
FY2021,outlays_net_interest_gdp_share,1.529
FY2022,outlays_net_interest_gdp_share,1.861
FY2023,outlays_net_interest_gdp_share,2.403
FY2024,outlays_net_interest_gdp_share,3.04
FY2025,outlays_net_interest_gdp_share,3.195
FY1962,outlays_offsetting_receipts,-7.192
FY1963,outlays_offsetting_receipts,-8.47
FY1964,outlays_offsetting_receipts,-8.137
FY1965,outlays_offsetting_receipts,-8.178
FY1966,outlays_offsetting_receipts,-9.313
FY1967,outlays_offsetting_receipts,-10.773
FY1968,outlays_offsetting_receipts,-11.065
FY1969,outlays_offsetting_receipts,-11.32
FY1970,outlays_offsetting_receipts,-11.897
FY1971,outlays_offsetting_receipts,-14.38
FY1972,outlays_offsetting_receipts,-14.424
FY1973,outlays_offsetting_receipts,-18.589
FY1974,outlays_offsetting_receipts,-22.79
FY1975,outlays_offsetting_receipts,-19.718
FY1976,outlays_offsetting_receipts,-20.172
FY1977,outlays_offsetting_receipts,-21.529
FY1978,outlays_offsetting_receipts,-22.727
FY1979,outlays_offsetting_receipts,-25.554
FY1980,outlays_offsetting_receipts,-29.994
FY1981,outlays_offsetting_receipts,-39.007
FY1982,outlays_offsetting_receipts,-37.194
FY1983,outlays_offsetting_receipts,-45.618
FY1984,outlays_offsetting_receipts,-44.964
FY1985,outlays_offsetting_receipts,-48.349
FY1986,outlays_offsetting_receipts,-47.77
FY1987,outlays_offsetting_receipts,-52.825
FY1988,outlays_offsetting_receipts,-55.325
FY1989,outlays_offsetting_receipts,-58.213
FY1990,outlays_offsetting_receipts,-57.538
FY1991,outlays_offsetting_receipts,-105.457
FY1992,outlays_offsetting_receipts,-69.308
FY1993,outlays_offsetting_receipts,-65.898
FY1994,outlays_offsetting_receipts,-68.502
FY1995,outlays_offsetting_receipts,-78.66
FY1996,outlays_offsetting_receipts,-70.969
FY1997,outlays_offsetting_receipts,-85.428
FY1998,outlays_offsetting_receipts,-83.547
FY1999,outlays_offsetting_receipts,-79.51
FY2000,outlays_offsetting_receipts,-81.114
FY2001,outlays_offsetting_receipts,-89.334
FY2002,outlays_offsetting_receipts,-90.425
FY2003,outlays_offsetting_receipts,-100.989
FY2004,outlays_offsetting_receipts,-108.905
FY2005,outlays_offsetting_receipts,-128.673
FY2006,outlays_offsetting_receipts,-144.312
FY2007,outlays_offsetting_receipts,-177.929
FY2008,outlays_offsetting_receipts,-185.428
FY2009,outlays_offsetting_receipts,-194.58
FY2010,outlays_offsetting_receipts,-196.479
FY2011,outlays_offsetting_receipts,-208.858
FY2012,outlays_offsetting_receipts,-228.248
FY2013,outlays_offsetting_receipts,-304.678
FY2014,outlays_offsetting_receipts,-277.306
FY2015,outlays_offsetting_receipts,-258.366
FY2016,outlays_offsetting_receipts,-237.564
FY2017,outlays_offsetting_receipts,-253.447
FY2018,outlays_offsetting_receipts,-259.647
FY2019,outlays_offsetting_receipts,-275.984
FY2020,outlays_offsetting_receipts,-277.823
FY2021,outlays_offsetting_receipts,-333.362
FY2022,outlays_offsetting_receipts,-505.028
FY2023,outlays_offsetting_receipts,-344.599
FY2024,outlays_offsetting_receipts,-354.651
FY2025,outlays_offsetting_receipts,-369.837
FY1962,outlays_offsetting_receipts_gdp_share,-1.228
FY1963,outlays_offsetting_receipts_gdp_share,-1.37
FY1964,outlays_offsetting_receipts_gdp_share,-1.23
FY1965,outlays_offsetting_receipts_gdp_share,-1.153
FY1966,outlays_offsetting_receipts_gdp_share,-1.193
FY1967,outlays_offsetting_receipts_gdp_share,-1.288
FY1968,outlays_offsetting_receipts_gdp_share,-1.233
FY1969,outlays_offsetting_receipts_gdp_share,-1.155
FY1970,outlays_offsetting_receipts_gdp_share,-1.137
FY1971,outlays_offsetting_receipts_gdp_share,-1.288
FY1972,outlays_offsetting_receipts_gdp_share,-1.186
FY1973,outlays_offsetting_receipts_gdp_share,-1.374
FY1974,outlays_offsetting_receipts_gdp_share,-1.537
FY1975,outlays_offsetting_receipts_gdp_share,-1.227
FY1976,outlays_offsetting_receipts_gdp_share,-1.129
FY1977,outlays_offsetting_receipts_gdp_share,-1.064
FY1978,outlays_offsetting_receipts_gdp_share,-1.0
FY1979,outlays_offsetting_receipts_gdp_share,-0.996
FY1980,outlays_offsetting_receipts_gdp_share,-1.074
FY1981,outlays_offsetting_receipts_gdp_share,-1.245
FY1982,outlays_offsetting_receipts_gdp_share,-1.123
FY1983,outlays_offsetting_receipts_gdp_share,-1.29
FY1984,outlays_offsetting_receipts_gdp_share,-1.139
FY1985,outlays_offsetting_receipts_gdp_share,-1.134
FY1986,outlays_offsetting_receipts_gdp_share,-1.055
FY1987,outlays_offsetting_receipts_gdp_share,-1.108
FY1988,outlays_offsetting_receipts_gdp_share,-1.077
FY1989,outlays_offsetting_receipts_gdp_share,-1.048
FY1990,outlays_offsetting_receipts_gdp_share,-0.975
FY1991,outlays_offsetting_receipts_gdp_share,-1.731
FY1992,outlays_offsetting_receipts_gdp_share,-1.08
FY1993,outlays_offsetting_receipts_gdp_share,-0.973
FY1994,outlays_offsetting_receipts_gdp_share,-0.954
FY1995,outlays_offsetting_receipts_gdp_share,-1.04
FY1996,outlays_offsetting_receipts_gdp_share,-0.893
FY1997,outlays_offsetting_receipts_gdp_share,-1.011
FY1998,outlays_offsetting_receipts_gdp_share,-0.935
FY1999,outlays_offsetting_receipts_gdp_share,-0.839
FY2000,outlays_offsetting_receipts_gdp_share,-0.802
FY2001,outlays_offsetting_receipts_gdp_share,-0.849
FY2002,outlays_offsetting_receipts_gdp_share,-0.835
FY2003,outlays_offsetting_receipts_gdp_share,-0.895
FY2004,outlays_offsetting_receipts_gdp_share,-0.905
FY2005,outlays_offsetting_receipts_gdp_share,-1.002
FY2006,outlays_offsetting_receipts_gdp_share,-1.058
FY2007,outlays_offsetting_receipts_gdp_share,-1.244
FY2008,outlays_offsetting_receipts_gdp_share,-1.253
FY2009,outlays_offsetting_receipts_gdp_share,-1.345
FY2010,outlays_offsetting_receipts_gdp_share,-1.32
FY2011,outlays_offsetting_receipts_gdp_share,-1.35
FY2012,outlays_offsetting_receipts_gdp_share,-1.417
FY2013,outlays_offsetting_receipts_gdp_share,-1.826
FY2014,outlays_offsetting_receipts_gdp_share,-1.591
FY2015,outlays_offsetting_receipts_gdp_share,-1.422
FY2016,outlays_offsetting_receipts_gdp_share,-1.274
FY2017,outlays_offsetting_receipts_gdp_share,-1.308
FY2018,outlays_offsetting_receipts_gdp_share,-1.271
FY2019,outlays_offsetting_receipts_gdp_share,-1.297
FY2020,outlays_offsetting_receipts_gdp_share,-1.302
FY2021,outlays_offsetting_receipts_gdp_share,-1.447
FY2022,outlays_offsetting_receipts_gdp_share,-1.975
FY2023,outlays_offsetting_receipts_gdp_share,-1.258
FY2024,outlays_offsetting_receipts_gdp_share,-1.225
FY2025,outlays_offsetting_receipts_gdp_share,-1.218
FY1962,outlays_total,106.821
FY1963,outlays_total,111.316
FY1964,outlays_total,118.528
FY1965,outlays_total,118.228
FY1966,outlays_total,134.532
FY1967,outlays_total,157.464
FY1968,outlays_total,178.134
FY1969,outlays_total,183.64
FY1970,outlays_total,195.649
FY1971,outlays_total,210.172
FY1972,outlays_total,230.681
FY1973,outlays_total,245.707
FY1974,outlays_total,269.359
FY1975,outlays_total,332.332
FY1976,outlays_total,371.792
FY1977,outlays_total,409.218
FY1978,outlays_total,458.746
FY1979,outlays_total,504.028
FY1980,outlays_total,590.941
FY1981,outlays_total,678.241
FY1982,outlays_total,745.743
FY1983,outlays_total,808.364
FY1984,outlays_total,851.805
FY1985,outlays_total,946.344
FY1986,outlays_total,990.382
FY1987,outlays_total,1004.017
FY1988,outlays_total,1064.416
FY1989,outlays_total,1143.743
FY1990,outlays_total,1252.993
FY1991,outlays_total,1324.226
FY1992,outlays_total,1381.529
FY1993,outlays_total,1409.386
FY1994,outlays_total,1461.752
FY1995,outlays_total,1515.742
FY1996,outlays_total,1560.484
FY1997,outlays_total,1601.116
FY1998,outlays_total,1652.458
FY1999,outlays_total,1701.842
FY2000,outlays_total,1788.95
FY2001,outlays_total,1862.846
FY2002,outlays_total,2010.894
FY2003,outlays_total,2159.899
FY2004,outlays_total,2292.841
FY2005,outlays_total,2471.957
FY2006,outlays_total,2655.05
FY2007,outlays_total,2728.686
FY2008,outlays_total,2982.544
FY2009,outlays_total,3517.677
FY2010,outlays_total,3457.079
FY2011,outlays_total,3603.065
FY2012,outlays_total,3526.563
FY2013,outlays_total,3454.881
FY2014,outlays_total,3506.284
FY2015,outlays_total,3691.85
FY2016,outlays_total,3852.615
FY2017,outlays_total,3981.634
FY2018,outlays_total,4108.981
FY2019,outlays_total,4446.952
FY2020,outlays_total,6553.62
FY2021,outlays_total,6822.461
FY2022,outlays_total,6273.261
FY2023,outlays_total,6134.673
FY2024,outlays_total,6750.856
FY2025,outlays_total,7009.986
FY1962,outlays_total_gdp_share,18.239
FY1963,outlays_total_gdp_share,18.006
FY1964,outlays_total_gdp_share,17.913
FY1965,outlays_total_gdp_share,16.668
FY1966,outlays_total_gdp_share,17.237
FY1967,outlays_total_gdp_share,18.824
FY1968,outlays_total_gdp_share,19.846
FY1969,outlays_total_gdp_share,18.734
FY1970,outlays_total_gdp_share,18.692
FY1971,outlays_total_gdp_share,18.823
FY1972,outlays_total_gdp_share,18.967
FY1973,outlays_total_gdp_share,18.164
FY1974,outlays_total_gdp_share,18.165
FY1975,outlays_total_gdp_share,20.681
FY1976,outlays_total_gdp_share,20.816
FY1977,outlays_total_gdp_share,20.215
FY1978,outlays_total_gdp_share,20.178
FY1979,outlays_total_gdp_share,19.646
FY1980,outlays_total_gdp_share,21.166
FY1981,outlays_total_gdp_share,21.647
FY1982,outlays_total_gdp_share,22.507
FY1983,outlays_total_gdp_share,22.861
FY1984,outlays_total_gdp_share,21.569
FY1985,outlays_total_gdp_share,22.188
FY1986,outlays_total_gdp_share,21.881
FY1987,outlays_total_gdp_share,21.059
FY1988,outlays_total_gdp_share,20.714
FY1989,outlays_total_gdp_share,20.591
FY1990,outlays_total_gdp_share,21.242
FY1991,outlays_total_gdp_share,21.733
FY1992,outlays_total_gdp_share,21.532
FY1993,outlays_total_gdp_share,20.802
FY1994,outlays_total_gdp_share,20.368
FY1995,outlays_total_gdp_share,20.048
FY1996,outlays_total_gdp_share,19.625
FY1997,outlays_total_gdp_share,18.946
FY1998,outlays_total_gdp_share,18.503
FY1999,outlays_total_gdp_share,17.953
FY2000,outlays_total_gdp_share,17.682
FY2001,outlays_total_gdp_share,17.698
FY2002,outlays_total_gdp_share,18.57
FY2003,outlays_total_gdp_share,19.15
FY2004,outlays_total_gdp_share,19.062
FY2005,outlays_total_gdp_share,19.252
FY2006,outlays_total_gdp_share,19.47
FY2007,outlays_total_gdp_share,19.075
FY2008,outlays_total_gdp_share,20.157
FY2009,outlays_total_gdp_share,24.315
FY2010,outlays_total_gdp_share,23.226
FY2011,outlays_total_gdp_share,23.296
FY2012,outlays_total_gdp_share,21.891
FY2013,outlays_total_gdp_share,20.703
FY2014,outlays_total_gdp_share,20.119
FY2015,outlays_total_gdp_share,20.325
FY2016,outlays_total_gdp_share,20.667
FY2017,outlays_total_gdp_share,20.55
FY2018,outlays_total_gdp_share,20.106
FY2019,outlays_total_gdp_share,20.891
FY2020,outlays_total_gdp_share,30.715
FY2021,outlays_total_gdp_share,29.606
FY2022,outlays_total_gdp_share,24.538
FY2023,outlays_total_gdp_share,22.391
FY2024,outlays_total_gdp_share,23.321
FY2025,outlays_total_gdp_share,23.088
FY1962,rev_corporate_income,20.523
FY1963,rev_corporate_income,21.579
FY1964,rev_corporate_income,23.493
FY1965,rev_corporate_income,25.461
FY1966,rev_corporate_income,30.073
FY1967,rev_corporate_income,33.971
FY1968,rev_corporate_income,28.665
FY1969,rev_corporate_income,36.678
FY1970,rev_corporate_income,32.829
FY1971,rev_corporate_income,26.785
FY1972,rev_corporate_income,32.166
FY1973,rev_corporate_income,36.153
FY1974,rev_corporate_income,38.62
FY1975,rev_corporate_income,40.621
FY1976,rev_corporate_income,41.409
FY1977,rev_corporate_income,54.892
FY1978,rev_corporate_income,59.952
FY1979,rev_corporate_income,65.677
FY1980,rev_corporate_income,64.6
FY1981,rev_corporate_income,61.137
FY1982,rev_corporate_income,49.207
FY1983,rev_corporate_income,37.022
FY1984,rev_corporate_income,56.893
FY1985,rev_corporate_income,61.331
FY1986,rev_corporate_income,63.143
FY1987,rev_corporate_income,83.926
FY1988,rev_corporate_income,94.508
FY1989,rev_corporate_income,103.291
FY1990,rev_corporate_income,93.507
FY1991,rev_corporate_income,98.086
FY1992,rev_corporate_income,100.27
FY1993,rev_corporate_income,117.52
FY1994,rev_corporate_income,140.385
FY1995,rev_corporate_income,157.004
FY1996,rev_corporate_income,171.824
FY1997,rev_corporate_income,182.293
FY1998,rev_corporate_income,188.677
FY1999,rev_corporate_income,184.68
FY2000,rev_corporate_income,207.289
FY2001,rev_corporate_income,151.075
FY2002,rev_corporate_income,148.044
FY2003,rev_corporate_income,131.778
FY2004,rev_corporate_income,189.371
FY2005,rev_corporate_income,278.282
FY2006,rev_corporate_income,353.915
FY2007,rev_corporate_income,370.243
FY2008,rev_corporate_income,304.346
FY2009,rev_corporate_income,138.229
FY2010,rev_corporate_income,191.437
FY2011,rev_corporate_income,181.085
FY2012,rev_corporate_income,242.289
FY2013,rev_corporate_income,273.506
FY2014,rev_corporate_income,320.731
FY2015,rev_corporate_income,343.797
FY2016,rev_corporate_income,299.571
FY2017,rev_corporate_income,297.048
FY2018,rev_corporate_income,204.733
FY2019,rev_corporate_income,230.245
FY2020,rev_corporate_income,211.845
FY2021,rev_corporate_income,371.831
FY2022,rev_corporate_income,424.865
FY2023,rev_corporate_income,419.584
FY2024,rev_corporate_income,529.867
FY2025,rev_corporate_income,452.089
FY1962,rev_corporate_income_gdp_share,3.504
FY1963,rev_corporate_income_gdp_share,3.491
FY1964,rev_corporate_income_gdp_share,3.55
FY1965,rev_corporate_income_gdp_share,3.589
FY1966,rev_corporate_income_gdp_share,3.853
FY1967,rev_corporate_income_gdp_share,4.061
FY1968,rev_corporate_income_gdp_share,3.194
FY1969,rev_corporate_income_gdp_share,3.742
FY1970,rev_corporate_income_gdp_share,3.137
FY1971,rev_corporate_income_gdp_share,2.399
FY1972,rev_corporate_income_gdp_share,2.645
FY1973,rev_corporate_income_gdp_share,2.673
FY1974,rev_corporate_income_gdp_share,2.604
FY1975,rev_corporate_income_gdp_share,2.528
FY1976,rev_corporate_income_gdp_share,2.318
FY1977,rev_corporate_income_gdp_share,2.712
FY1978,rev_corporate_income_gdp_share,2.637
FY1979,rev_corporate_income_gdp_share,2.56
FY1980,rev_corporate_income_gdp_share,2.314
FY1981,rev_corporate_income_gdp_share,1.951
FY1982,rev_corporate_income_gdp_share,1.485
FY1983,rev_corporate_income_gdp_share,1.047
FY1984,rev_corporate_income_gdp_share,1.441
FY1985,rev_corporate_income_gdp_share,1.438
FY1986,rev_corporate_income_gdp_share,1.395
FY1987,rev_corporate_income_gdp_share,1.76
FY1988,rev_corporate_income_gdp_share,1.839
FY1989,rev_corporate_income_gdp_share,1.86
FY1990,rev_corporate_income_gdp_share,1.585
FY1991,rev_corporate_income_gdp_share,1.61
FY1992,rev_corporate_income_gdp_share,1.563
FY1993,rev_corporate_income_gdp_share,1.735
FY1994,rev_corporate_income_gdp_share,1.956
FY1995,rev_corporate_income_gdp_share,2.077
FY1996,rev_corporate_income_gdp_share,2.161
FY1997,rev_corporate_income_gdp_share,2.157
FY1998,rev_corporate_income_gdp_share,2.113
FY1999,rev_corporate_income_gdp_share,1.948
FY2000,rev_corporate_income_gdp_share,2.049
FY2001,rev_corporate_income_gdp_share,1.435
FY2002,rev_corporate_income_gdp_share,1.367
FY2003,rev_corporate_income_gdp_share,1.168
FY2004,rev_corporate_income_gdp_share,1.574
FY2005,rev_corporate_income_gdp_share,2.167
FY2006,rev_corporate_income_gdp_share,2.595
FY2007,rev_corporate_income_gdp_share,2.588
FY2008,rev_corporate_income_gdp_share,2.057
FY2009,rev_corporate_income_gdp_share,0.955
FY2010,rev_corporate_income_gdp_share,1.286
FY2011,rev_corporate_income_gdp_share,1.171
FY2012,rev_corporate_income_gdp_share,1.504
FY2013,rev_corporate_income_gdp_share,1.639
FY2014,rev_corporate_income_gdp_share,1.84
FY2015,rev_corporate_income_gdp_share,1.893
FY2016,rev_corporate_income_gdp_share,1.607
FY2017,rev_corporate_income_gdp_share,1.533
FY2018,rev_corporate_income_gdp_share,1.002
FY2019,rev_corporate_income_gdp_share,1.082
FY2020,rev_corporate_income_gdp_share,0.993
FY2021,rev_corporate_income_gdp_share,1.614
FY2022,rev_corporate_income_gdp_share,1.662
FY2023,rev_corporate_income_gdp_share,1.531
FY2024,rev_corporate_income_gdp_share,1.83
FY2025,rev_corporate_income_gdp_share,1.489
FY1962,rev_customs,1.142
FY1963,rev_customs,1.205
FY1964,rev_customs,1.252
FY1965,rev_customs,1.442
FY1966,rev_customs,1.767
FY1967,rev_customs,1.901
FY1968,rev_customs,2.038
FY1969,rev_customs,2.319
FY1970,rev_customs,2.43
FY1971,rev_customs,2.591
FY1972,rev_customs,3.287
FY1973,rev_customs,3.188
FY1974,rev_customs,3.334
FY1975,rev_customs,3.676
FY1976,rev_customs,4.074
FY1977,rev_customs,5.15
FY1978,rev_customs,6.573
FY1979,rev_customs,7.439
FY1980,rev_customs,7.174
FY1981,rev_customs,8.083
FY1982,rev_customs,8.854
FY1983,rev_customs,8.655
FY1984,rev_customs,11.37
FY1985,rev_customs,12.079
FY1986,rev_customs,13.327
FY1987,rev_customs,15.085
FY1988,rev_customs,16.198
FY1989,rev_customs,16.334
FY1990,rev_customs,16.707
FY1991,rev_customs,15.949
FY1992,rev_customs,17.359
FY1993,rev_customs,18.802
FY1994,rev_customs,20.099
FY1995,rev_customs,19.301
FY1996,rev_customs,18.67
FY1997,rev_customs,17.928
FY1998,rev_customs,18.297
FY1999,rev_customs,18.336
FY2000,rev_customs,19.914
FY2001,rev_customs,19.369
FY2002,rev_customs,18.602
FY2003,rev_customs,19.862
FY2004,rev_customs,21.083
FY2005,rev_customs,23.379
FY2006,rev_customs,24.81
FY2007,rev_customs,26.01
FY2008,rev_customs,27.568
FY2009,rev_customs,22.453
FY2010,rev_customs,25.298
FY2011,rev_customs,29.519
FY2012,rev_customs,30.307
FY2013,rev_customs,31.815
FY2014,rev_customs,33.926
FY2015,rev_customs,35.041
FY2016,rev_customs,34.838
FY2017,rev_customs,34.574
FY2018,rev_customs,41.299
FY2019,rev_customs,70.784
FY2020,rev_customs,68.551
FY2021,rev_customs,79.985
FY2022,rev_customs,99.908
FY2023,rev_customs,80.338
FY2024,rev_customs,77.036
FY2025,rev_customs,194.866
FY1962,rev_customs_gdp_share,0.195
FY1963,rev_customs_gdp_share,0.195
FY1964,rev_customs_gdp_share,0.189
FY1965,rev_customs_gdp_share,0.203
FY1966,rev_customs_gdp_share,0.226
FY1967,rev_customs_gdp_share,0.227
FY1968,rev_customs_gdp_share,0.227
FY1969,rev_customs_gdp_share,0.237
FY1970,rev_customs_gdp_share,0.232
FY1971,rev_customs_gdp_share,0.232
FY1972,rev_customs_gdp_share,0.27
FY1973,rev_customs_gdp_share,0.236
FY1974,rev_customs_gdp_share,0.225
FY1975,rev_customs_gdp_share,0.229
FY1976,rev_customs_gdp_share,0.228
FY1977,rev_customs_gdp_share,0.254
FY1978,rev_customs_gdp_share,0.289
FY1979,rev_customs_gdp_share,0.29
FY1980,rev_customs_gdp_share,0.257
FY1981,rev_customs_gdp_share,0.258
FY1982,rev_customs_gdp_share,0.267
FY1983,rev_customs_gdp_share,0.245
FY1984,rev_customs_gdp_share,0.288
FY1985,rev_customs_gdp_share,0.283
FY1986,rev_customs_gdp_share,0.294
FY1987,rev_customs_gdp_share,0.316
FY1988,rev_customs_gdp_share,0.315
FY1989,rev_customs_gdp_share,0.294
FY1990,rev_customs_gdp_share,0.283
FY1991,rev_customs_gdp_share,0.262
FY1992,rev_customs_gdp_share,0.271
FY1993,rev_customs_gdp_share,0.278
FY1994,rev_customs_gdp_share,0.28
FY1995,rev_customs_gdp_share,0.255
FY1996,rev_customs_gdp_share,0.235
FY1997,rev_customs_gdp_share,0.212
FY1998,rev_customs_gdp_share,0.205
FY1999,rev_customs_gdp_share,0.193
FY2000,rev_customs_gdp_share,0.197
FY2001,rev_customs_gdp_share,0.184
FY2002,rev_customs_gdp_share,0.172
FY2003,rev_customs_gdp_share,0.176
FY2004,rev_customs_gdp_share,0.175
FY2005,rev_customs_gdp_share,0.182
FY2006,rev_customs_gdp_share,0.182
FY2007,rev_customs_gdp_share,0.182
FY2008,rev_customs_gdp_share,0.186
FY2009,rev_customs_gdp_share,0.155
FY2010,rev_customs_gdp_share,0.17
FY2011,rev_customs_gdp_share,0.191
FY2012,rev_customs_gdp_share,0.188
FY2013,rev_customs_gdp_share,0.191
FY2014,rev_customs_gdp_share,0.195
FY2015,rev_customs_gdp_share,0.193
FY2016,rev_customs_gdp_share,0.187
FY2017,rev_customs_gdp_share,0.178
FY2018,rev_customs_gdp_share,0.202
FY2019,rev_customs_gdp_share,0.333
FY2020,rev_customs_gdp_share,0.321
FY2021,rev_customs_gdp_share,0.347
FY2022,rev_customs_gdp_share,0.391
FY2023,rev_customs_gdp_share,0.293
FY2024,rev_customs_gdp_share,0.266
FY2025,rev_customs_gdp_share,0.642
FY1962,rev_estate_gift,2.016
FY1963,rev_estate_gift,2.167
FY1964,rev_estate_gift,2.394
FY1965,rev_estate_gift,2.716
FY1966,rev_estate_gift,3.066
FY1967,rev_estate_gift,2.978
FY1968,rev_estate_gift,3.051
FY1969,rev_estate_gift,3.491
FY1970,rev_estate_gift,3.644
FY1971,rev_estate_gift,3.735
FY1972,rev_estate_gift,5.436
FY1973,rev_estate_gift,4.917
FY1974,rev_estate_gift,5.035
FY1975,rev_estate_gift,4.611
FY1976,rev_estate_gift,5.216
FY1977,rev_estate_gift,7.327
FY1978,rev_estate_gift,5.285
FY1979,rev_estate_gift,5.411
FY1980,rev_estate_gift,6.389
FY1981,rev_estate_gift,6.787
FY1982,rev_estate_gift,7.991
FY1983,rev_estate_gift,6.053
FY1984,rev_estate_gift,6.01
FY1985,rev_estate_gift,6.422
FY1986,rev_estate_gift,6.958
FY1987,rev_estate_gift,7.493
FY1988,rev_estate_gift,7.594
FY1989,rev_estate_gift,8.745
FY1990,rev_estate_gift,11.5
FY1991,rev_estate_gift,11.138
FY1992,rev_estate_gift,11.143
FY1993,rev_estate_gift,12.577
FY1994,rev_estate_gift,15.225
FY1995,rev_estate_gift,14.763
FY1996,rev_estate_gift,17.189
FY1997,rev_estate_gift,19.845
FY1998,rev_estate_gift,24.076
FY1999,rev_estate_gift,27.782
FY2000,rev_estate_gift,29.01
FY2001,rev_estate_gift,28.4
FY2002,rev_estate_gift,26.507
FY2003,rev_estate_gift,21.959
FY2004,rev_estate_gift,24.831
FY2005,rev_estate_gift,24.764
FY2006,rev_estate_gift,27.877
FY2007,rev_estate_gift,26.044
FY2008,rev_estate_gift,28.844
FY2009,rev_estate_gift,23.482
FY2010,rev_estate_gift,18.885
FY2011,rev_estate_gift,7.399
FY2012,rev_estate_gift,13.973
FY2013,rev_estate_gift,18.912
FY2014,rev_estate_gift,19.3
FY2015,rev_estate_gift,19.232
FY2016,rev_estate_gift,21.354
FY2017,rev_estate_gift,22.768
FY2018,rev_estate_gift,22.983
FY2019,rev_estate_gift,16.672
FY2020,rev_estate_gift,17.624
FY2021,rev_estate_gift,27.14
FY2022,rev_estate_gift,32.55
FY2023,rev_estate_gift,33.668
FY2024,rev_estate_gift,31.616
FY2025,rev_estate_gift,29.462
FY1962,rev_estate_gift_gdp_share,0.344
FY1963,rev_estate_gift_gdp_share,0.351
FY1964,rev_estate_gift_gdp_share,0.362
FY1965,rev_estate_gift_gdp_share,0.383
FY1966,rev_estate_gift_gdp_share,0.393
FY1967,rev_estate_gift_gdp_share,0.356
FY1968,rev_estate_gift_gdp_share,0.34
FY1969,rev_estate_gift_gdp_share,0.356
FY1970,rev_estate_gift_gdp_share,0.348
FY1971,rev_estate_gift_gdp_share,0.335
FY1972,rev_estate_gift_gdp_share,0.447
FY1973,rev_estate_gift_gdp_share,0.363
FY1974,rev_estate_gift_gdp_share,0.34
FY1975,rev_estate_gift_gdp_share,0.287
FY1976,rev_estate_gift_gdp_share,0.292
FY1977,rev_estate_gift_gdp_share,0.362
FY1978,rev_estate_gift_gdp_share,0.232
FY1979,rev_estate_gift_gdp_share,0.211
FY1980,rev_estate_gift_gdp_share,0.229
FY1981,rev_estate_gift_gdp_share,0.217
FY1982,rev_estate_gift_gdp_share,0.241
FY1983,rev_estate_gift_gdp_share,0.171
FY1984,rev_estate_gift_gdp_share,0.152
FY1985,rev_estate_gift_gdp_share,0.151
FY1986,rev_estate_gift_gdp_share,0.154
FY1987,rev_estate_gift_gdp_share,0.157
FY1988,rev_estate_gift_gdp_share,0.148
FY1989,rev_estate_gift_gdp_share,0.157
FY1990,rev_estate_gift_gdp_share,0.195
FY1991,rev_estate_gift_gdp_share,0.183
FY1992,rev_estate_gift_gdp_share,0.174
FY1993,rev_estate_gift_gdp_share,0.186
FY1994,rev_estate_gift_gdp_share,0.212
FY1995,rev_estate_gift_gdp_share,0.195
FY1996,rev_estate_gift_gdp_share,0.216
FY1997,rev_estate_gift_gdp_share,0.235
FY1998,rev_estate_gift_gdp_share,0.27
FY1999,rev_estate_gift_gdp_share,0.293
FY2000,rev_estate_gift_gdp_share,0.287
FY2001,rev_estate_gift_gdp_share,0.27
FY2002,rev_estate_gift_gdp_share,0.245
FY2003,rev_estate_gift_gdp_share,0.195
FY2004,rev_estate_gift_gdp_share,0.206
FY2005,rev_estate_gift_gdp_share,0.193
FY2006,rev_estate_gift_gdp_share,0.204
FY2007,rev_estate_gift_gdp_share,0.182
FY2008,rev_estate_gift_gdp_share,0.195
FY2009,rev_estate_gift_gdp_share,0.162
FY2010,rev_estate_gift_gdp_share,0.127
FY2011,rev_estate_gift_gdp_share,0.048
FY2012,rev_estate_gift_gdp_share,0.087
FY2013,rev_estate_gift_gdp_share,0.113
FY2014,rev_estate_gift_gdp_share,0.111
FY2015,rev_estate_gift_gdp_share,0.106
FY2016,rev_estate_gift_gdp_share,0.115
FY2017,rev_estate_gift_gdp_share,0.118
FY2018,rev_estate_gift_gdp_share,0.112
FY2019,rev_estate_gift_gdp_share,0.078
FY2020,rev_estate_gift_gdp_share,0.083
FY2021,rev_estate_gift_gdp_share,0.118
FY2022,rev_estate_gift_gdp_share,0.127
FY2023,rev_estate_gift_gdp_share,0.123
FY2024,rev_estate_gift_gdp_share,0.109
FY2025,rev_estate_gift_gdp_share,0.097
FY1962,rev_excise,12.534
FY1963,rev_excise,13.194
FY1964,rev_excise,13.731
FY1965,rev_excise,14.57
FY1966,rev_excise,13.062
FY1967,rev_excise,13.719
FY1968,rev_excise,14.079
FY1969,rev_excise,15.222
FY1970,rev_excise,15.705
FY1971,rev_excise,16.614
FY1972,rev_excise,15.477
FY1973,rev_excise,16.26
FY1974,rev_excise,16.844
FY1975,rev_excise,16.551
FY1976,rev_excise,16.963
FY1977,rev_excise,17.548
FY1978,rev_excise,18.376
FY1979,rev_excise,18.745
FY1980,rev_excise,24.329
FY1981,rev_excise,40.839
FY1982,rev_excise,36.311
FY1983,rev_excise,35.3
FY1984,rev_excise,37.361
FY1985,rev_excise,35.992
FY1986,rev_excise,32.919
FY1987,rev_excise,32.457
FY1988,rev_excise,35.227
FY1989,rev_excise,34.386
FY1990,rev_excise,35.345
FY1991,rev_excise,42.402
FY1992,rev_excise,45.569
FY1993,rev_excise,48.057
FY1994,rev_excise,55.225
FY1995,rev_excise,57.484
FY1996,rev_excise,54.014
FY1997,rev_excise,56.924
FY1998,rev_excise,57.673
FY1999,rev_excise,70.414
FY2000,rev_excise,68.865
FY2001,rev_excise,66.232
FY2002,rev_excise,66.989
FY2003,rev_excise,67.524
FY2004,rev_excise,69.855
FY2005,rev_excise,73.094
FY2006,rev_excise,73.961
FY2007,rev_excise,65.069
FY2008,rev_excise,67.334
FY2009,rev_excise,62.483
FY2010,rev_excise,66.909
FY2011,rev_excise,72.381
FY2012,rev_excise,79.061
FY2013,rev_excise,84.007
FY2014,rev_excise,93.368
FY2015,rev_excise,98.279
FY2016,rev_excise,95.026
FY2017,rev_excise,83.823
FY2018,rev_excise,94.986
FY2019,rev_excise,98.914
FY2020,rev_excise,86.78
FY2021,rev_excise,75.274
FY2022,rev_excise,87.728
FY2023,rev_excise,75.802
FY2024,rev_excise,101.436
FY2025,rev_excise,105.936
FY1962,rev_excise_gdp_share,2.14
FY1963,rev_excise_gdp_share,2.134
FY1964,rev_excise_gdp_share,2.075
FY1965,rev_excise_gdp_share,2.054
FY1966,rev_excise_gdp_share,1.674
FY1967,rev_excise_gdp_share,1.64
FY1968,rev_excise_gdp_share,1.569
FY1969,rev_excise_gdp_share,1.553
FY1970,rev_excise_gdp_share,1.5
FY1971,rev_excise_gdp_share,1.488
FY1972,rev_excise_gdp_share,1.273
FY1973,rev_excise_gdp_share,1.202
FY1974,rev_excise_gdp_share,1.136
FY1975,rev_excise_gdp_share,1.03
FY1976,rev_excise_gdp_share,0.95
FY1977,rev_excise_gdp_share,0.867
FY1978,rev_excise_gdp_share,0.808
FY1979,rev_excise_gdp_share,0.731
FY1980,rev_excise_gdp_share,0.871
FY1981,rev_excise_gdp_share,1.303
FY1982,rev_excise_gdp_share,1.096
FY1983,rev_excise_gdp_share,0.998
FY1984,rev_excise_gdp_share,0.946
FY1985,rev_excise_gdp_share,0.844
FY1986,rev_excise_gdp_share,0.727
FY1987,rev_excise_gdp_share,0.681
FY1988,rev_excise_gdp_share,0.686
FY1989,rev_excise_gdp_share,0.619
FY1990,rev_excise_gdp_share,0.599
FY1991,rev_excise_gdp_share,0.696
FY1992,rev_excise_gdp_share,0.71
FY1993,rev_excise_gdp_share,0.709
FY1994,rev_excise_gdp_share,0.769
FY1995,rev_excise_gdp_share,0.76
FY1996,rev_excise_gdp_share,0.679
FY1997,rev_excise_gdp_share,0.674
FY1998,rev_excise_gdp_share,0.646
FY1999,rev_excise_gdp_share,0.743
FY2000,rev_excise_gdp_share,0.681
FY2001,rev_excise_gdp_share,0.629
FY2002,rev_excise_gdp_share,0.619
FY2003,rev_excise_gdp_share,0.599
FY2004,rev_excise_gdp_share,0.581
FY2005,rev_excise_gdp_share,0.569
FY2006,rev_excise_gdp_share,0.542
FY2007,rev_excise_gdp_share,0.455
FY2008,rev_excise_gdp_share,0.455
FY2009,rev_excise_gdp_share,0.432
FY2010,rev_excise_gdp_share,0.45
FY2011,rev_excise_gdp_share,0.468
FY2012,rev_excise_gdp_share,0.491
FY2013,rev_excise_gdp_share,0.503
FY2014,rev_excise_gdp_share,0.536
FY2015,rev_excise_gdp_share,0.541
FY2016,rev_excise_gdp_share,0.51
FY2017,rev_excise_gdp_share,0.433
FY2018,rev_excise_gdp_share,0.465
FY2019,rev_excise_gdp_share,0.465
FY2020,rev_excise_gdp_share,0.407
FY2021,rev_excise_gdp_share,0.327
FY2022,rev_excise_gdp_share,0.343
FY2023,rev_excise_gdp_share,0.277
FY2024,rev_excise_gdp_share,0.35
FY2025,rev_excise_gdp_share,0.349
FY1962,rev_individual_income,45.571
FY1963,rev_individual_income,47.588
FY1964,rev_individual_income,48.697
FY1965,rev_individual_income,48.792
FY1966,rev_individual_income,55.446
FY1967,rev_individual_income,61.526
FY1968,rev_individual_income,68.726
FY1969,rev_individual_income,87.249
FY1970,rev_individual_income,90.412
FY1971,rev_individual_income,86.23
FY1972,rev_individual_income,94.737
FY1973,rev_individual_income,103.246
FY1974,rev_individual_income,118.952
FY1975,rev_individual_income,122.386
FY1976,rev_individual_income,131.603
FY1977,rev_individual_income,157.626
FY1978,rev_individual_income,180.988
FY1979,rev_individual_income,217.841
FY1980,rev_individual_income,244.069
FY1981,rev_individual_income,285.917
FY1982,rev_individual_income,297.744
FY1983,rev_individual_income,288.938
FY1984,rev_individual_income,298.415
FY1985,rev_individual_income,334.531
FY1986,rev_individual_income,348.959
FY1987,rev_individual_income,392.557
FY1988,rev_individual_income,401.181
FY1989,rev_individual_income,445.69
FY1990,rev_individual_income,466.884
FY1991,rev_individual_income,467.827
FY1992,rev_individual_income,475.964
FY1993,rev_individual_income,509.68
FY1994,rev_individual_income,543.055
FY1995,rev_individual_income,590.244
FY1996,rev_individual_income,656.417
FY1997,rev_individual_income,737.466
FY1998,rev_individual_income,828.586
FY1999,rev_individual_income,879.48
FY2000,rev_individual_income,1004.462
FY2001,rev_individual_income,994.339
FY2002,rev_individual_income,858.345
FY2003,rev_individual_income,793.699
FY2004,rev_individual_income,808.959
FY2005,rev_individual_income,927.222
FY2006,rev_individual_income,1043.908
FY2007,rev_individual_income,1163.472
FY2008,rev_individual_income,1145.747
FY2009,rev_individual_income,915.308
FY2010,rev_individual_income,898.549
FY2011,rev_individual_income,1091.473
FY2012,rev_individual_income,1132.206
FY2013,rev_individual_income,1316.405
FY2014,rev_individual_income,1394.568
FY2015,rev_individual_income,1540.802
FY2016,rev_individual_income,1546.075
FY2017,rev_individual_income,1587.12
FY2018,rev_individual_income,1683.538
FY2019,rev_individual_income,1717.857
FY2020,rev_individual_income,1608.663
FY2021,rev_individual_income,2044.377
FY2022,rev_individual_income,2632.146
FY2023,rev_individual_income,2176.481
FY2024,rev_individual_income,2426.067
FY2025,rev_individual_income,2656.044
FY1962,rev_individual_income_gdp_share,7.781
FY1963,rev_individual_income_gdp_share,7.698
FY1964,rev_individual_income_gdp_share,7.359
FY1965,rev_individual_income_gdp_share,6.879
FY1966,rev_individual_income_gdp_share,7.104
FY1967,rev_individual_income_gdp_share,7.355
FY1968,rev_individual_income_gdp_share,7.657
FY1969,rev_individual_income_gdp_share,8.9
FY1970,rev_individual_income_gdp_share,8.638
FY1971,rev_individual_income_gdp_share,7.723
FY1972,rev_individual_income_gdp_share,7.789
FY1973,rev_individual_income_gdp_share,7.632
FY1974,rev_individual_income_gdp_share,8.022
FY1975,rev_individual_income_gdp_share,7.616
FY1976,rev_individual_income_gdp_share,7.368
FY1977,rev_individual_income_gdp_share,7.787
FY1978,rev_individual_income_gdp_share,7.961
FY1979,rev_individual_income_gdp_share,8.491
FY1980,rev_individual_income_gdp_share,8.742
FY1981,rev_individual_income_gdp_share,9.125
FY1982,rev_individual_income_gdp_share,8.986
FY1983,rev_individual_income_gdp_share,8.171
FY1984,rev_individual_income_gdp_share,7.556
FY1985,rev_individual_income_gdp_share,7.843
FY1986,rev_individual_income_gdp_share,7.71
FY1987,rev_individual_income_gdp_share,8.234
FY1988,rev_individual_income_gdp_share,7.807
FY1989,rev_individual_income_gdp_share,8.024
FY1990,rev_individual_income_gdp_share,7.915
FY1991,rev_individual_income_gdp_share,7.678
FY1992,rev_individual_income_gdp_share,7.418
FY1993,rev_individual_income_gdp_share,7.523
FY1994,rev_individual_income_gdp_share,7.567
FY1995,rev_individual_income_gdp_share,7.807
FY1996,rev_individual_income_gdp_share,8.255
FY1997,rev_individual_income_gdp_share,8.726
FY1998,rev_individual_income_gdp_share,9.278
FY1999,rev_individual_income_gdp_share,9.278
FY2000,rev_individual_income_gdp_share,9.928
FY2001,rev_individual_income_gdp_share,9.447
FY2002,rev_individual_income_gdp_share,7.926
FY2003,rev_individual_income_gdp_share,7.037
FY2004,rev_individual_income_gdp_share,6.725
FY2005,rev_individual_income_gdp_share,7.221
FY2006,rev_individual_income_gdp_share,7.655
FY2007,rev_individual_income_gdp_share,8.133
FY2008,rev_individual_income_gdp_share,7.743
FY2009,rev_individual_income_gdp_share,6.327
FY2010,rev_individual_income_gdp_share,6.037
FY2011,rev_individual_income_gdp_share,7.057
FY2012,rev_individual_income_gdp_share,7.028
FY2013,rev_individual_income_gdp_share,7.888
FY2014,rev_individual_income_gdp_share,8.002
FY2015,rev_individual_income_gdp_share,8.483
FY2016,rev_individual_income_gdp_share,8.294
FY2017,rev_individual_income_gdp_share,8.192
FY2018,rev_individual_income_gdp_share,8.238
FY2019,rev_individual_income_gdp_share,8.07
FY2020,rev_individual_income_gdp_share,7.539
FY2021,rev_individual_income_gdp_share,8.872
FY2022,rev_individual_income_gdp_share,10.296
FY2023,rev_individual_income_gdp_share,7.944
FY2024,rev_individual_income_gdp_share,8.381
FY2025,rev_individual_income_gdp_share,8.748
FY1962,rev_miscellaneous,0.844
FY1963,rev_miscellaneous,1.023
FY1964,rev_miscellaneous,1.083
FY1965,rev_miscellaneous,1.594
FY1966,rev_miscellaneous,1.875
FY1967,rev_miscellaneous,2.108
FY1968,rev_miscellaneous,2.491
FY1969,rev_miscellaneous,2.908
FY1970,rev_miscellaneous,3.425
FY1971,rev_miscellaneous,3.859
FY1972,rev_miscellaneous,3.632
FY1973,rev_miscellaneous,3.92
FY1974,rev_miscellaneous,5.368
FY1975,rev_miscellaneous,6.711
FY1976,rev_miscellaneous,8.026
FY1977,rev_miscellaneous,6.531
FY1978,rev_miscellaneous,7.42
FY1979,rev_miscellaneous,9.25
FY1980,rev_miscellaneous,12.748
FY1981,rev_miscellaneous,13.789
FY1982,rev_miscellaneous,16.161
FY1983,rev_miscellaneous,15.6
FY1984,rev_miscellaneous,17.013
FY1985,rev_miscellaneous,18.519
FY1986,rev_miscellaneous,19.948
FY1987,rev_miscellaneous,19.451
FY1988,rev_miscellaneous,20.195
FY1989,rev_miscellaneous,23.242
FY1990,rev_miscellaneous,27.968
FY1991,rev_miscellaneous,23.571
FY1992,rev_miscellaneous,27.215
FY1993,rev_miscellaneous,19.399
FY1994,rev_miscellaneous,23.102
FY1995,rev_miscellaneous,28.521
FY1996,rev_miscellaneous,25.525
FY1997,rev_miscellaneous,25.405
FY1998,rev_miscellaneous,32.588
FY1999,rev_miscellaneous,34.927
FY2000,rev_miscellaneous,42.799
FY2001,rev_miscellaneous,37.7
FY2002,rev_miscellaneous,33.889
FY2003,rev_miscellaneous,34.514
FY2004,rev_miscellaneous,32.608
FY2005,rev_miscellaneous,32.745
FY2006,rev_miscellaneous,44.577
FY2007,rev_miscellaneous,47.54
FY2008,rev_miscellaneous,49.997
FY2009,rev_miscellaneous,52.117
FY2010,rev_miscellaneous,96.814
FY2011,rev_miscellaneous,102.817
FY2012,rev_miscellaneous,106.84
FY2013,rev_miscellaneous,102.641
FY2014,rev_miscellaneous,136.14
FY2015,rev_miscellaneous,147.482
FY2016,rev_miscellaneous,156.036
FY2017,rev_miscellaneous,128.954
FY2018,rev_miscellaneous,111.667
FY2019,rev_miscellaneous,85.779
FY2020,rev_miscellaneous,117.746
FY2021,rev_miscellaneous,134.416
FY2022,rev_miscellaneous,136.615
FY2023,rev_miscellaneous,40.619
FY2024,rev_miscellaneous,44.935
FY2025,rev_miscellaneous,47.925
FY1962,rev_miscellaneous_gdp_share,0.144
FY1963,rev_miscellaneous_gdp_share,0.165
FY1964,rev_miscellaneous_gdp_share,0.164
FY1965,rev_miscellaneous_gdp_share,0.225
FY1966,rev_miscellaneous_gdp_share,0.24
FY1967,rev_miscellaneous_gdp_share,0.252
FY1968,rev_miscellaneous_gdp_share,0.278
FY1969,rev_miscellaneous_gdp_share,0.297
FY1970,rev_miscellaneous_gdp_share,0.327
FY1971,rev_miscellaneous_gdp_share,0.346
FY1972,rev_miscellaneous_gdp_share,0.299
FY1973,rev_miscellaneous_gdp_share,0.29
FY1974,rev_miscellaneous_gdp_share,0.362
FY1975,rev_miscellaneous_gdp_share,0.418
FY1976,rev_miscellaneous_gdp_share,0.449
FY1977,rev_miscellaneous_gdp_share,0.323
FY1978,rev_miscellaneous_gdp_share,0.326
FY1979,rev_miscellaneous_gdp_share,0.361
FY1980,rev_miscellaneous_gdp_share,0.457
FY1981,rev_miscellaneous_gdp_share,0.44
FY1982,rev_miscellaneous_gdp_share,0.488
FY1983,rev_miscellaneous_gdp_share,0.441
FY1984,rev_miscellaneous_gdp_share,0.431
FY1985,rev_miscellaneous_gdp_share,0.434
FY1986,rev_miscellaneous_gdp_share,0.441
FY1987,rev_miscellaneous_gdp_share,0.408
FY1988,rev_miscellaneous_gdp_share,0.393
FY1989,rev_miscellaneous_gdp_share,0.418
FY1990,rev_miscellaneous_gdp_share,0.474
FY1991,rev_miscellaneous_gdp_share,0.387
FY1992,rev_miscellaneous_gdp_share,0.424
FY1993,rev_miscellaneous_gdp_share,0.286
FY1994,rev_miscellaneous_gdp_share,0.322
FY1995,rev_miscellaneous_gdp_share,0.377
FY1996,rev_miscellaneous_gdp_share,0.321
FY1997,rev_miscellaneous_gdp_share,0.301
FY1998,rev_miscellaneous_gdp_share,0.365
FY1999,rev_miscellaneous_gdp_share,0.368
FY2000,rev_miscellaneous_gdp_share,0.423
FY2001,rev_miscellaneous_gdp_share,0.358
FY2002,rev_miscellaneous_gdp_share,0.313
FY2003,rev_miscellaneous_gdp_share,0.306
FY2004,rev_miscellaneous_gdp_share,0.271
FY2005,rev_miscellaneous_gdp_share,0.255
FY2006,rev_miscellaneous_gdp_share,0.327
FY2007,rev_miscellaneous_gdp_share,0.332
FY2008,rev_miscellaneous_gdp_share,0.338
FY2009,rev_miscellaneous_gdp_share,0.36
FY2010,rev_miscellaneous_gdp_share,0.65
FY2011,rev_miscellaneous_gdp_share,0.665
FY2012,rev_miscellaneous_gdp_share,0.663
FY2013,rev_miscellaneous_gdp_share,0.615
FY2014,rev_miscellaneous_gdp_share,0.781
FY2015,rev_miscellaneous_gdp_share,0.812
FY2016,rev_miscellaneous_gdp_share,0.837
FY2017,rev_miscellaneous_gdp_share,0.666
FY2018,rev_miscellaneous_gdp_share,0.546
FY2019,rev_miscellaneous_gdp_share,0.403
FY2020,rev_miscellaneous_gdp_share,0.552
FY2021,rev_miscellaneous_gdp_share,0.583
FY2022,rev_miscellaneous_gdp_share,0.534
FY2023,rev_miscellaneous_gdp_share,0.148
FY2024,rev_miscellaneous_gdp_share,0.155
FY2025,rev_miscellaneous_gdp_share,0.158
FY1962,rev_payroll,17.046
FY1963,rev_payroll,19.804
FY1964,rev_payroll,21.963
FY1965,rev_payroll,22.242
FY1966,rev_payroll,25.546
FY1967,rev_payroll,32.619
FY1968,rev_payroll,33.923
FY1969,rev_payroll,39.015
FY1970,rev_payroll,44.362
FY1971,rev_payroll,47.325
FY1972,rev_payroll,52.574
FY1973,rev_payroll,63.115
FY1974,rev_payroll,75.071
FY1975,rev_payroll,84.534
FY1976,rev_payroll,90.769
FY1977,rev_payroll,106.485
FY1978,rev_payroll,120.967
FY1979,rev_payroll,138.939
FY1980,rev_payroll,157.803
FY1981,rev_payroll,182.72
FY1982,rev_payroll,201.498
FY1983,rev_payroll,208.994
FY1984,rev_payroll,239.376
FY1985,rev_payroll,265.163
FY1986,rev_payroll,283.901
FY1987,rev_payroll,303.318
FY1988,rev_payroll,334.335
FY1989,rev_payroll,359.416
FY1990,rev_payroll,380.047
FY1991,rev_payroll,396.015
FY1992,rev_payroll,413.688
FY1993,rev_payroll,428.299
FY1994,rev_payroll,461.475
FY1995,rev_payroll,484.473
FY1996,rev_payroll,509.414
FY1997,rev_payroll,539.371
FY1998,rev_payroll,571.831
FY1999,rev_payroll,611.833
FY2000,rev_payroll,652.852
FY2001,rev_payroll,693.967
FY2002,rev_payroll,700.76
FY2003,rev_payroll,712.978
FY2004,rev_payroll,733.407
FY2005,rev_payroll,794.125
FY2006,rev_payroll,837.821
FY2007,rev_payroll,869.607
FY2008,rev_payroll,900.155
FY2009,rev_payroll,890.917
FY2010,rev_payroll,864.814
FY2011,rev_payroll,818.792
FY2012,rev_payroll,845.314
FY2013,rev_payroll,947.82
FY2014,rev_payroll,1023.458
FY2015,rev_payroll,1065.257
FY2016,rev_payroll,1115.065
FY2017,rev_payroll,1161.897
FY2018,rev_payroll,1170.701
FY2019,rev_payroll,1243.113
FY2020,rev_payroll,1309.955
FY2021,rev_payroll,1314.088
FY2022,rev_payroll,1483.527
FY2023,rev_payroll,1614.456
FY2024,rev_payroll,1708.926
FY2025,rev_payroll,1748.294
FY1962,rev_payroll_gdp_share,2.91
FY1963,rev_payroll_gdp_share,3.203
FY1964,rev_payroll_gdp_share,3.319
FY1965,rev_payroll_gdp_share,3.136
FY1966,rev_payroll_gdp_share,3.273
FY1967,rev_payroll_gdp_share,3.899
FY1968,rev_payroll_gdp_share,3.779
FY1969,rev_payroll_gdp_share,3.98
FY1970,rev_payroll_gdp_share,4.238
FY1971,rev_payroll_gdp_share,4.239
FY1972,rev_payroll_gdp_share,4.323
FY1973,rev_payroll_gdp_share,4.666
FY1974,rev_payroll_gdp_share,5.063
FY1975,rev_payroll_gdp_share,5.261
FY1976,rev_payroll_gdp_share,5.082
FY1977,rev_payroll_gdp_share,5.26
FY1978,rev_payroll_gdp_share,5.321
FY1979,rev_payroll_gdp_share,5.416
FY1980,rev_payroll_gdp_share,5.652
FY1981,rev_payroll_gdp_share,5.832
FY1982,rev_payroll_gdp_share,6.081
FY1983,rev_payroll_gdp_share,5.91
FY1984,rev_payroll_gdp_share,6.061
FY1985,rev_payroll_gdp_share,6.217
FY1986,rev_payroll_gdp_share,6.272
FY1987,rev_payroll_gdp_share,6.362
FY1988,rev_payroll_gdp_share,6.506
FY1989,rev_payroll_gdp_share,6.471
FY1990,rev_payroll_gdp_share,6.443
FY1991,rev_payroll_gdp_share,6.499
FY1992,rev_payroll_gdp_share,6.448
FY1993,rev_payroll_gdp_share,6.321
FY1994,rev_payroll_gdp_share,6.43
FY1995,rev_payroll_gdp_share,6.408
FY1996,rev_payroll_gdp_share,6.407
FY1997,rev_payroll_gdp_share,6.382
FY1998,rev_payroll_gdp_share,6.403
FY1999,rev_payroll_gdp_share,6.454
FY2000,rev_payroll_gdp_share,6.453
FY2001,rev_payroll_gdp_share,6.593
FY2002,rev_payroll_gdp_share,6.471
FY2003,rev_payroll_gdp_share,6.321
FY2004,rev_payroll_gdp_share,6.097
FY2005,rev_payroll_gdp_share,6.185
FY2006,rev_payroll_gdp_share,6.144
FY2007,rev_payroll_gdp_share,6.079
FY2008,rev_payroll_gdp_share,6.084
FY2009,rev_payroll_gdp_share,6.158
FY2010,rev_payroll_gdp_share,5.81
FY2011,rev_payroll_gdp_share,5.294
FY2012,rev_payroll_gdp_share,5.247
FY2013,rev_payroll_gdp_share,5.68
FY2014,rev_payroll_gdp_share,5.872
FY2015,rev_payroll_gdp_share,5.865
FY2016,rev_payroll_gdp_share,5.982
FY2017,rev_payroll_gdp_share,5.997
FY2018,rev_payroll_gdp_share,5.729
FY2019,rev_payroll_gdp_share,5.84
FY2020,rev_payroll_gdp_share,6.139
FY2021,rev_payroll_gdp_share,5.703
FY2022,rev_payroll_gdp_share,5.803
FY2023,rev_payroll_gdp_share,5.893
FY2024,rev_payroll_gdp_share,5.903
FY2025,rev_payroll_gdp_share,5.758
FY1962,rev_total,99.676
FY1963,rev_total,106.56
FY1964,rev_total,112.613
FY1965,rev_total,116.817
FY1966,rev_total,130.835
FY1967,rev_total,148.822
FY1968,rev_total,152.973
FY1969,rev_total,186.882
FY1970,rev_total,192.807
FY1971,rev_total,187.139
FY1972,rev_total,207.309
FY1973,rev_total,230.799
FY1974,rev_total,263.224
FY1975,rev_total,279.09
FY1976,rev_total,298.06
FY1977,rev_total,355.559
FY1978,rev_total,399.561
FY1979,rev_total,463.302
FY1980,rev_total,517.112
FY1981,rev_total,599.272
FY1982,rev_total,617.766
FY1983,rev_total,600.562
FY1984,rev_total,666.438
FY1985,rev_total,734.037
FY1986,rev_total,769.155
FY1987,rev_total,854.287
FY1988,rev_total,909.238
FY1989,rev_total,991.104
FY1990,rev_total,1031.958
FY1991,rev_total,1054.988
FY1992,rev_total,1091.208
FY1993,rev_total,1154.334
FY1994,rev_total,1258.566
FY1995,rev_total,1351.79
FY1996,rev_total,1453.053
FY1997,rev_total,1579.232
FY1998,rev_total,1721.728
FY1999,rev_total,1827.452
FY2000,rev_total,2025.191
FY2001,rev_total,1991.082
FY2002,rev_total,1853.136
FY2003,rev_total,1782.314
FY2004,rev_total,1880.114
FY2005,rev_total,2153.611
FY2006,rev_total,2406.869
FY2007,rev_total,2567.985
FY2008,rev_total,2523.991
FY2009,rev_total,2104.989
FY2010,rev_total,2162.706
FY2011,rev_total,2303.466
FY2012,rev_total,2449.99
FY2013,rev_total,2775.106
FY2014,rev_total,3021.491
FY2015,rev_total,3249.89
FY2016,rev_total,3267.965
FY2017,rev_total,3316.184
FY2018,rev_total,3329.907
FY2019,rev_total,3463.364
FY2020,rev_total,3421.164
FY2021,rev_total,4047.111
FY2022,rev_total,4897.339
FY2023,rev_total,4440.948
FY2024,rev_total,4919.883
FY2025,rev_total,5234.616
FY1962,rev_total_gdp_share,17.019
FY1963,rev_total_gdp_share,17.237
FY1964,rev_total_gdp_share,17.019
FY1965,rev_total_gdp_share,16.469
FY1966,rev_total_gdp_share,16.764
FY1967,rev_total_gdp_share,17.791
FY1968,rev_total_gdp_share,17.043
FY1969,rev_total_gdp_share,19.064
FY1970,rev_total_gdp_share,18.421
FY1971,rev_total_gdp_share,16.76
FY1972,rev_total_gdp_share,17.045
FY1973,rev_total_gdp_share,17.062
FY1974,rev_total_gdp_share,17.751
FY1975,rev_total_gdp_share,17.368
FY1976,rev_total_gdp_share,16.688
FY1977,rev_total_gdp_share,17.564
FY1978,rev_total_gdp_share,17.575
FY1979,rev_total_gdp_share,18.058
FY1980,rev_total_gdp_share,18.522
FY1981,rev_total_gdp_share,19.126
FY1982,rev_total_gdp_share,18.645
FY1983,rev_total_gdp_share,16.984
FY1984,rev_total_gdp_share,16.875
FY1985,rev_total_gdp_share,17.21
FY1986,rev_total_gdp_share,16.993
FY1987,rev_total_gdp_share,17.918
FY1988,rev_total_gdp_share,17.694
FY1989,rev_total_gdp_share,17.843
FY1990,rev_total_gdp_share,17.495
FY1991,rev_total_gdp_share,17.314
FY1992,rev_total_gdp_share,17.007
FY1993,rev_total_gdp_share,17.037
FY1994,rev_total_gdp_share,17.536
FY1995,rev_total_gdp_share,17.88
FY1996,rev_total_gdp_share,18.274
FY1997,rev_total_gdp_share,18.687
FY1998,rev_total_gdp_share,19.279
FY1999,rev_total_gdp_share,19.278
FY2000,rev_total_gdp_share,20.018
FY2001,rev_total_gdp_share,18.916
FY2002,rev_total_gdp_share,17.113
FY2003,rev_total_gdp_share,15.802
FY2004,rev_total_gdp_share,15.631
FY2005,rev_total_gdp_share,16.773
FY2006,rev_total_gdp_share,17.65
FY2007,rev_total_gdp_share,17.951
FY2008,rev_total_gdp_share,17.058
FY2009,rev_total_gdp_share,14.55
FY2010,rev_total_gdp_share,14.53
FY2011,rev_total_gdp_share,14.893
FY2012,rev_total_gdp_share,15.208
FY2013,rev_total_gdp_share,16.63
FY2014,rev_total_gdp_share,17.337
FY2015,rev_total_gdp_share,17.892
FY2016,rev_total_gdp_share,17.531
FY2017,rev_total_gdp_share,17.116
FY2018,rev_total_gdp_share,16.294
FY2019,rev_total_gdp_share,16.271
FY2020,rev_total_gdp_share,16.034
FY2021,rev_total_gdp_share,17.562
FY2022,rev_total_gdp_share,19.156
FY2023,rev_total_gdp_share,16.209
FY2024,rev_total_gdp_share,16.996
FY2025,rev_total_gdp_share,17.241
FY1962,revenues,99.676
FY1963,revenues,106.56
FY1964,revenues,112.613
FY1965,revenues,116.817
FY1966,revenues,130.835
FY1967,revenues,148.822
FY1968,revenues,152.973
FY1969,revenues,186.882
FY1970,revenues,192.807
FY1971,revenues,187.139
FY1972,revenues,207.309
FY1973,revenues,230.799
FY1974,revenues,263.224
FY1975,revenues,279.09
FY1976,revenues,298.06
FY1977,revenues,355.559
FY1978,revenues,399.561
FY1979,revenues,463.302
FY1980,revenues,517.112
FY1981,revenues,599.272
FY1982,revenues,617.766
FY1983,revenues,600.562
FY1984,revenues,666.438
FY1985,revenues,734.037
FY1986,revenues,769.155
FY1987,revenues,854.287
FY1988,revenues,909.238
FY1989,revenues,991.104
FY1990,revenues,1031.958
FY1991,revenues,1054.988
FY1992,revenues,1091.208
FY1993,revenues,1154.334
FY1994,revenues,1258.566
FY1995,revenues,1351.79
FY1996,revenues,1453.053
FY1997,revenues,1579.232
FY1998,revenues,1721.728
FY1999,revenues,1827.452
FY2000,revenues,2025.191
FY2001,revenues,1991.082
FY2002,revenues,1853.136
FY2003,revenues,1782.314
FY2004,revenues,1880.114
FY2005,revenues,2153.611
FY2006,revenues,2406.869
FY2007,revenues,2567.985
FY2008,revenues,2523.991
FY2009,revenues,2104.989
FY2010,revenues,2162.706
FY2011,revenues,2303.466
FY2012,revenues,2449.99
FY2013,revenues,2775.106
FY2014,revenues,3021.491
FY2015,revenues,3249.89
FY2016,revenues,3267.965
FY2017,revenues,3316.184
FY2018,revenues,3329.907
FY2019,revenues,3463.364
FY2020,revenues,3421.164
FY2021,revenues,4047.111
FY2022,revenues,4897.339
FY2023,revenues,4440.948
FY2024,revenues,4919.883
FY2025,revenues,5234.616
FY1962,revenues_gdp_share,17.019
FY1963,revenues_gdp_share,17.237
FY1964,revenues_gdp_share,17.019
FY1965,revenues_gdp_share,16.469
FY1966,revenues_gdp_share,16.764
FY1967,revenues_gdp_share,17.791
FY1968,revenues_gdp_share,17.043
FY1969,revenues_gdp_share,19.064
FY1970,revenues_gdp_share,18.421
FY1971,revenues_gdp_share,16.76
FY1972,revenues_gdp_share,17.045
FY1973,revenues_gdp_share,17.062
FY1974,revenues_gdp_share,17.751
FY1975,revenues_gdp_share,17.368
FY1976,revenues_gdp_share,16.688
FY1977,revenues_gdp_share,17.564
FY1978,revenues_gdp_share,17.575
FY1979,revenues_gdp_share,18.058
FY1980,revenues_gdp_share,18.522
FY1981,revenues_gdp_share,19.126
FY1982,revenues_gdp_share,18.645
FY1983,revenues_gdp_share,16.984
FY1984,revenues_gdp_share,16.875
FY1985,revenues_gdp_share,17.21
FY1986,revenues_gdp_share,16.993
FY1987,revenues_gdp_share,17.918
FY1988,revenues_gdp_share,17.694
FY1989,revenues_gdp_share,17.843
FY1990,revenues_gdp_share,17.495
FY1991,revenues_gdp_share,17.314
FY1992,revenues_gdp_share,17.007
FY1993,revenues_gdp_share,17.037
FY1994,revenues_gdp_share,17.536
FY1995,revenues_gdp_share,17.88
FY1996,revenues_gdp_share,18.274
FY1997,revenues_gdp_share,18.687
FY1998,revenues_gdp_share,19.279
FY1999,revenues_gdp_share,19.278
FY2000,revenues_gdp_share,20.018
FY2001,revenues_gdp_share,18.916
FY2002,revenues_gdp_share,17.113
FY2003,revenues_gdp_share,15.802
FY2004,revenues_gdp_share,15.631
FY2005,revenues_gdp_share,16.773
FY2006,revenues_gdp_share,17.65
FY2007,revenues_gdp_share,17.951
FY2008,revenues_gdp_share,17.058
FY2009,revenues_gdp_share,14.55
FY2010,revenues_gdp_share,14.53
FY2011,revenues_gdp_share,14.893
FY2012,revenues_gdp_share,15.208
FY2013,revenues_gdp_share,16.63
FY2014,revenues_gdp_share,17.337
FY2015,revenues_gdp_share,17.892
FY2016,revenues_gdp_share,17.531
FY2017,revenues_gdp_share,17.116
FY2018,revenues_gdp_share,16.294
FY2019,revenues_gdp_share,16.271
FY2020,revenues_gdp_share,16.034
FY2021,revenues_gdp_share,17.562
FY2022,revenues_gdp_share,19.156
FY2023,revenues_gdp_share,16.209
FY2024,revenues_gdp_share,16.996
FY2025,revenues_gdp_share,17.241
